time,600,602.5,605,607.5,610,612.5,615,617.5,620,622.5,625,627.5,630,632.5,635,637.5,640,642.5,645,647.5,650,652.5,655,657.5,660,662.5,665,667.5,670,672.5,675,677.5,680,682.5,685,687.5,690,692.5,695,697.5,700,702.5,705,707.5,710,712.5,715,717.5,720,722.5,725
-5,0.14901,-0.041479,0.19431,0.45691,-0.070245,-0.07024,0.47377,0.23023,-0.14084,0.16277,-0.13902,-0.13972,0.072593,-0.57398,-0.51747,-0.16868,-0.30384,0.094281,-0.2724,-0.42368,0.4397,-0.067726,0.020265,-0.42742,-0.16331,0.033283,-0.34529,0.11271,-0.18019,-0.087504,-0.18051,0.55569,-0.0040463,-0.31731,0.24677,-0.36625,0.062661,-0.5879,-0.39845,0.059059,0.22154,0.051411,-0.034694,-0.090331,-0.44356,-0.21595,-0.13819,0.31714,0.10309,-0.52891,0.097225
-4.5,-0.11552,-0.20307,0.18351,0.30931,0.27939,-0.25175,-0.092749,0.099398,0.29269,-0.14372,-0.055664,-0.33186,-0.35882,0.24381,0.40693,-0.021538,0.30113,0.10857,-0.19346,0.1085,0.46149,-0.010665,0.46947,-0.78584,0.24665,0.026186,-0.089635,0.02759,-0.59621,-0.065851,0.10718,0.44341,-0.15545,-0.24252,-0.1505,0.27464,0.098645,-0.15891,0.154,0.029136,0.2906,-0.21061,-0.09829,-0.11763,-0.43905,0.088841,0.078321,0.0015376,-0.070373,-0.42461,-0.12619
-4,-0.10279,-0.24065,-0.048341,0.12128,0.56594,0.052479,0.077401,-0.022163,-0.57542,-0.0076955,0.018379,0.73934,-0.057284,0.090948,-0.009871,-0.35,0.3435,0.22627,0.23804,-0.27206,0.42161,-0.41979,0.17682,0.65788,-0.29645,-0.16922,0.030522,-0.15046,-0.46467,0.021046,-0.31826,0.14246,-0.27549,0.46527,-0.23472,-0.096394,0.24425,-0.36909,0.068386,0.39227,-0.48213,0.055487,0.078048,0.23462,-0.37102,-0.39609,0.15663,0.089132,0.075178,0.10396,-0.20399
-3.5,0.069847,0.088161,-0.21398,0.56018,0.14274,-0.35662,0.19795,-0.29116,0.23767,0.34946,-0.24395,0.29168,0.12692,0.25014,0.57299,-0.069251,-0.22138,-0.26179,-0.23942,-0.01762,0.10796,0.088642,0.25373,0.0093297,0.44128,-0.074449,0.82068,0.19199,-0.25322,-0.31771,0.14794,-0.06418,0.21674,0.14421,-0.019875,-0.25231,-0.45294,-0.13262,0.25808,0.065243,-0.37284,0.052722,0.11626,-0.26459,0.046607,0.017879,-0.34254,0.10763,0.16848,0.32512,0.3163
-3,-0.41232,-0.27998,0.15639,0.15668,0.15789,1.1602,0.17693,0.34781,0.29506,0.20623,-0.081614,0.24299,-0.2141,-0.050786,-0.12287,0.049679,0.72169,-0.531,0.23658,-0.45201,-0.10913,0.35929,0.051576,-0.2918,-0.18423,0.23275,-0.19199,0.09012,0.03682,-0.1744,0.66224,0.20728,-0.59228,0.069504,-0.18652,0.26635,-0.22838,-0.026167,0.15875,0.26609,-0.35452,-0.09549,-0.13826,-0.19235,0.53277,0.12416,-0.37601,0.27725,0.63822,0.31103,-0.45476
-2.5,-0.14082,0.38629,-0.20376,0.14468,0.2477,-0.25809,0.007801,-0.94,-0.26713,-0.026721,-0.31547,0.5592,-0.34839,-0.039916,0.14267,0.5467,-0.30645,0.48198,0.14322,-0.14909,0.28714,0.20921,-0.031734,0.16609,0.02458,0.16774,0.32464,0.5933,-0.26285,0.73923,-0.49537,0.035971,0.24973,0.14984,-0.12833,-0.010388,-0.10167,-0.13582,0.29114,0.1391,-0.17974,0.29452,0.11366,0.26246,0.20489,-0.23503,-0.15648,0.2339,0.19119,0.00038247,0.040621
-2,0.3993,-0.15512,0.19484,-0.019184,-0.010228,0.40155,0.33996,0.36062,0.53635,0.18297,0.4167,0.1574,0.38818,0.29337,0.40276,0.59184,0.2044,1.1097,0.20664,0.16396,0.88805,0.78284,0.72966,0.72082,0.51206,0.22451,0.49006,0.23471,0.69906,0.33028,0.094805,0.21503,0.4058,0.085133,-0.018058,0.27814,0.25696,0.0117,0.0044955,0.19899,-0.32009,-0.32168,-0.12759,0.012372,0.15917,0.49899,0.30512,-0.007787,0.027751,-0.27319,0.016929
-1.5,-0.040737,0.1609,-0.16013,0.27473,0.61779,0.17369,0.38548,0.54167,0.29523,0.57485,0.61358,0.74985,0.60562,0.96509,1.227,1.6286,1.5883,2.0414,1.2444,1.7967,1.6297,2.2496,1.3465,1.313,1.3425,0.82679,1.2353,1.0851,1.2719,1.2404,1.6116,1.2466,0.70461,0.52878,0.87148,0.25855,1.1398,0.88465,0.3349,-0.089448,0.78319,0.29864,0.66359,-0.22368,0.040336,0.19028,0.1744,-0.00013968,0.29922,-0.22763,0.03289
-1,0.14161,0.3018,0.41613,-0.063576,-0.096431,0.85862,0.71037,0.54705,1.4241,1.2065,1.7625,1.6862,2.5565,2.7455,2.4251,3.0635,3.2199,3.6642,3.1563,3.802,4.0177,3.2276,3.4064,3.1091,3.5572,3.7339,3.8202,3.2204,3.5003,2.4027,2.1081,2.4068,2.3483,2.0404,1.256,1.6849,1.1648,1.6106,1.3815,0.8594,0.86461,0.5858,0.7769,0.98183,0.30673,0.66856,0.28101,0.13284,0.27698,-0.055539,0.042104
-0.5,-0.16256,0.86452,0.38871,0.30118,0.74353,0.85427,1.0752,1.6274,2.0219,2.0361,2.4688,3.0449,2.9527,3.7224,5.1238,5.7308,5.6558,6.3498,6.6545,7.7944,7.4327,7.196,6.996,6.7633,7.1902,6.7173,6.2755,6.2218,5.7729,6.2646,5.6735,5.0544,5.152,4.3898,3.7766,4.1714,3.5671,2.7968,2.7649,2.2847,1.8699,2.3124,2.3704,1.1553,1.5364,0.98113,0.85584,0.66715,0.4458,0.59662,0.2261
0,0.38272,0.40663,0.50818,0.51186,0.86978,1.5906,1.9049,1.9271,2.7937,3.6102,3.5776,4.9989,5.4447,6.6544,7.1044,7.628,8.4776,9.712,10.419,10.607,11.485,11.08,11.711,11.391,11.463,11.47,10.904,10.679,10.67,9.7286,9.6573,8.5554,8.5321,8.2814,6.5842,6.5669,6.4647,5.7231,5.3964,4.6155,4.3476,3.816,3.7736,3.0829,2.7171,2.13,1.7756,1.4923,1.4728,0.9926,1.0011
0.5,1.0097,0.80282,0.64715,1.3684,1.2192,1.1449,1.9595,2.3045,3.4668,4.3873,5.7925,6.3834,7.287,8.719,8.9476,10.816,12.072,12.423,14.135,14.695,15.126,15.94,16.769,16.321,16.366,16.039,15.684,15.844,14.905,14.679,13.953,13.632,12.943,12.48,11.317,10.67,9.7231,9.1385,8.6349,7.9996,6.7547,6.5667,6.0103,5.0563,4.8617,3.4763,2.7926,2.1406,2.6833,2.0431,1.4928
1,0.51109,0.26018,1.5568,1.1536,1.5181,2.1647,2.6553,3.2539,3.7431,5.0346,6.4866,7.4609,8.7611,9.4243,10.617,12.223,13.6,15.177,15.518,17.543,17.955,18.635,19.054,19.286,20.288,20.164,19.708,19.527,19.514,19.707,18.622,17.655,17.359,16.603,15.062,14.982,14.004,13.314,12.662,11.428,9.9873,8.723,8.8373,7.13,6.2117,5.3541,4.6406,3.8289,3.0651,2.5125,2.1785
1.5,0.25586,0.37297,0.84074,1.0203,1.9147,1.1264,2.8109,3.5329,3.3341,4.7754,5.8127,6.6649,8.1213,9.3748,11.649,12.853,14.407,15.665,16.474,17.93,19.397,19.913,21.376,21.817,22.343,23.075,23.243,23.095,23.495,22.623,22.79,22.305,21.424,20.879,19.55,19.237,17.841,16.594,15.854,14.073,12.582,11.256,10.643,8.8546,8.5994,6.3542,6.4764,5.11,4.1919,3.3275,2.9746
2,0.36811,0.86309,0.76866,1.0426,1.2246,1.7381,2.3665,2.3885,3.2415,4.7361,5.5558,6.5622,7.8489,9.2735,10.415,11.81,13.603,14.758,16.661,17.467,19.652,20.757,21.85,23.098,24.19,24.731,24.451,25.028,25.46,25.713,25.737,25.056,24.838,23.884,23.082,21.839,20.834,19.432,18.171,17.334,15.242,14.812,12.678,11.133,9.4311,8.5912,6.9977,6.1032,5.8435,4.1698,3.7791
2.5,0.11829,0.4519,1.1705,0.682,1.7098,1.7512,1.8315,2.751,3.5233,4.205,4.4553,5.7378,7.0296,8.3398,9.905,11.211,12.259,14.317,15.946,17.485,19.165,20.559,21.838,22.972,23.669,25.331,26.143,26.865,26.914,27.281,28.013,27.552,27.407,26.624,25.817,25.077,23.442,22.267,20.609,19.029,17.416,15.899,14.018,12.907,10.698,9.4348,7.991,7.3085,5.8116,5.0692,3.448
3,0.36173,0.66303,0.57342,1.0683,0.8508,1.7546,2.427,2.1247,2.6972,3.974,4.8355,5.1487,6.2444,7.4688,8.4442,9.967,11.423,13.046,14.869,16.581,18.612,19.465,21.633,22.774,24.227,25.722,26.307,27.706,28.385,29.001,29.216,29.886,28.714,28.238,27.447,26.462,25.213,24.347,22.847,20.562,18.719,17.308,15.201,13.794,11.972,9.8575,9.2924,8.0116,6.0705,5.0591,4.3199
3.5,0.34176,0.53775,1.0753,0.59276,0.63094,0.7424,1.2947,1.9448,3.0276,2.9719,3.9442,4.7404,6.0922,7.6073,7.9243,9.2859,11.201,12.639,14.612,15.914,17.346,19.354,21.214,22.784,24.265,25.894,27.238,28.436,29.138,29.576,30.091,30.55,29.794,29.71,28.758,27.894,27.034,25.261,23.596,21.421,20.21,18.293,16.858,14.264,12.638,10.963,9.7958,7.8639,6.69,5.6494,4.529
4,0.075032,0.3532,0.73245,0.25474,0.80053,0.80377,1.6911,1.2709,2.043,2.9046,3.9497,4.2649,5.0452,6.8294,7.0114,8.0918,10.308,11.56,13.034,15.262,16.887,18.44,20.022,22.433,24.065,25.434,27.469,27.865,28.783,29.839,30.562,30.883,30.663,30.457,29.288,29.122,27.428,26.324,24.441,22.681,20.823,18.845,16.956,15.249,13.068,11.48,9.6217,8.6014,6.6356,6.1999,4.6187
4.5,-0.24618,0.2973,0.1566,0.74836,0.47691,0.76574,0.62005,1.4097,1.2588,2.0448,3.3861,4.1454,4.9109,5.4948,6.9039,8.1824,9.2303,11.545,12.983,14.374,16.241,18.136,19.318,21.695,23.348,24.939,26.703,28.695,29.498,30.029,30.982,31.533,31.374,30.774,29.905,29.352,28.031,26.713,24.97,23.279,20.885,19.469,17.152,15.768,13.062,12.015,9.9032,8.1398,6.8326,5.679,4.8527
5,0.3192,0.057889,0.31405,1.0856,1.1204,0.93876,1.0811,1.4341,1.9884,1.993,2.8187,3.1026,4.5511,5.5824,6.3343,8.1792,8.7027,10.125,12.246,14.212,16.208,17.429,19.783,21.333,23.13,25.195,26.739,27.506,29.637,30.566,30.632,31.293,31.349,30.974,30.101,29.127,28.102,26.998,25.143,23.047,21.462,18.39,17.594,14.765,13.286,11.268,9.55,8.764,6.9051,5.9352,4.7574
5.5,0.28886,0.22986,-0.095354,0.69886,0.39717,0.26679,0.84633,1.7289,1.9116,2.0154,2.5762,3.2542,4.7629,5.172,6.2395,7.612,8.7071,10.026,11.642,13.389,15.203,17.305,19.011,21.125,22.75,24.583,25.614,27.967,29.054,30.25,29.789,31.676,31.068,31.166,29.915,29.493,27.79,26.467,25.57,23.122,21.319,19.531,17.423,15.355,13.526,12.344,9.9386,8.4912,7.3736,6.1738,5.1366
6,0.32395,-0.15483,0.75383,0.021311,0.58991,0.44719,0.87811,1.2795,1.6316,2.0985,2.9872,3.2767,3.8226,5.0678,6.1538,6.5879,8.4371,9.9098,11.184,13.379,14.715,16.666,18.487,20.462,22.011,23.711,26.298,27.068,28.31,28.988,30.177,30.389,31.363,30.92,29.826,29.81,28.244,26.416,24.121,23.756,20.739,18.69,17.506,15.977,13.775,11.744,10.093,8.6524,7.2573,5.9028,4.7924
6.5,0.10264,-0.053375,0.1586,-0.17108,0.43182,0.32742,0.50258,1.1542,1.8522,2.1241,1.8831,2.667,3.9714,4.2459,5.4598,6.8197,7.6355,9.3708,10.487,12.378,14.43,15.711,18.224,19.999,22.054,23.763,25.788,26.93,28.061,29.268,30.145,30.432,30.532,30.075,29.522,28.422,28.203,25.89,24.433,22.643,21.235,18.925,17.422,14.91,13.328,11.224,10.473,7.968,7.0624,5.9588,4.8446
7,0.056884,0.12133,0.23868,0.26929,0.71926,1.2462,0.61347,0.62198,1.3239,2.5188,1.9873,3.3052,4.0154,4.1691,5.4627,6.8779,7.5168,8.9534,10.361,11.876,13.738,15.4,17.663,19.322,21.496,22.759,25.005,26.669,27.121,28.878,29.894,29.608,30.589,29.995,29.11,28.446,27.488,25.952,24.493,22.298,20.758,18.356,16.806,14.657,12.863,11.707,10.038,8.4069,6.5579,5.6045,5.0277
7.5,0.14757,0.84568,0.32918,0.35151,0.31129,0.58876,0.6905,1.1886,1.5661,1.4207,1.7213,2.133,3.5108,3.8244,4.4387,6.2696,8.1124,8.7168,10.461,11.851,13.522,15.636,17.136,19.183,21.054,22.542,24.708,25.863,26.984,28.417,28.748,29.477,29.592,29.715,29.001,28.012,27.145,25.95,24.13,22.238,20.004,18.181,16.498,14.524,12.834,11.186,9.7269,8.0819,6.9303,5.635,4.0026
8,-0.18295,0.097939,-0.16378,0.45746,0.84124,0.88526,0.6344,1.3749,1.2625,1.4792,1.8432,2.48,3.1068,4.0473,4.9474,5.9408,7.2533,8.8035,10.192,11.048,12.422,15.248,16.392,18.588,20.136,21.71,24.064,25.619,26.502,26.936,28.309,29.044,28.614,28.919,28.344,27.704,26.469,24.802,23.911,21.808,20.043,17.907,16.176,14.194,12.621,11.495,8.9955,7.4828,7.1118,5.4585,4.3174
8.5,0.40557,-0.047911,0.73669,0.46688,0.21684,1.1419,0.4842,1.1085,1.2546,1.9044,2.4136,2.4804,2.877,3.9913,4.5283,6.3495,6.9403,8.0837,9.6782,10.773,12.548,14.948,16.194,17.901,20.179,22.112,23.599,25.153,25.896,26.724,28.354,28.259,28.417,28.706,27.974,27.144,26.584,24.429,23.39,21.465,19.759,18.308,16.16,14.353,12.761,10.669,8.9817,7.5065,5.9575,6.0364,4.1039
9,0.022723,0.044385,0.27229,0.49616,0.60509,0.29817,0.58743,0.934,1.0435,1.9373,2.0195,2.6018,3.1937,4.0759,4.6328,5.1774,6.8122,7.761,9.1958,11.052,12.877,14.226,16.082,18.291,19.624,22.042,23.033,23.782,25.787,26.689,27.706,27.97,27.865,27.363,27.181,26.208,25.24,24.307,23.152,21.14,18.929,17.63,16.049,13.728,12.153,10.57,8.8157,7.8601,6.3819,5.4385,4.0812
9.5,-0.046043,0.33863,0.060545,0.759,0.2128,0.52149,0.89233,0.39125,0.54826,0.94487,2.1853,2.1349,3.6637,3.4359,4.4926,5.8627,7.1003,8.3514,9.4619,10.895,12.361,14.096,15.432,17.108,19.091,20.719,22.206,23.974,25.281,26.019,27.169,26.827,27.252,26.925,26.107,25.88,24.844,24.079,22.367,20.276,19.442,17.498,15.539,13.554,11.652,10.235,9.1899,8.0719,6.748,5.0558,3.9213
10,0.12403,-0.41347,0.26257,0.18731,0.18024,-0.041247,0.74429,0.62783,0.68806,0.49329,1.7386,2.7581,3.3039,3.3582,4.125,5.3849,6.0163,7.6116,9.0859,10.679,11.842,13.454,14.95,16.686,18.57,20.393,22.099,22.98,24.875,25.326,26.122,26.343,25.98,26.809,26.304,25.256,24.359,23.266,21.228,19.979,18.716,16.385,15.12,12.921,11.822,10.112,8.1877,7.6941,5.9292,4.8472,4.2256
10.5,0.4233,-0.19202,0.17808,0.35189,0.51663,0.47486,0.45991,0.51294,1.0307,0.98978,0.81552,2.289,2.9925,2.6839,3.8793,5.283,6.7598,7.3252,8.4045,9.9901,11.983,12.984,14.6,16.378,17.905,19.839,21.8,22.777,23.788,24.737,25.064,26.229,26.08,25.892,26.455,24.862,23.569,22.467,21.557,19.723,17.635,16.665,14.498,13.594,11.747,9.764,8.864,7.202,6.2689,5.1227,3.8191
11,-0.1171,0.41782,0.053674,0.094598,0.01186,0.53513,1.1703,0.41673,0.98075,1.6948,1.6171,2.23,2.3237,3.4249,4.0094,5.2534,6.3336,7.9024,8.5725,9.8854,11.336,12.743,14.576,16.032,17.803,19.724,20.506,22.488,23.7,24.211,24.304,25.182,25.891,25.343,24.613,24.054,23.503,22.244,20.658,19.13,17.538,15.739,14.849,12.639,11.528,10.13,8.5866,6.8891,5.9977,4.8571,3.7095
11.5,0.17077,-0.24844,0.50542,0.069391,0.34929,0.48026,0.45686,0.89058,0.80184,1.4951,1.1895,2.0723,3.1498,2.905,3.7515,4.9788,5.8732,7.0449,8.3292,9.7292,11.327,12.652,14.045,15.929,17.892,18.824,20.018,21.952,22.717,23.023,24.609,24.609,24.879,24.859,24.39,23.856,22.581,21.722,20.171,19.017,17.431,15.365,14.358,12.28,11.147,9.56,8.647,6.7894,5.636,4.7461,3.7976
12,0.31114,-0.3829,-0.1716,-0.11796,0.56527,0.8966,0.48735,0.64298,0.93801,1.547,1.2702,2.0494,2.7902,3.2687,3.9059,4.9976,4.8565,6.964,7.7773,8.7485,10.873,12.63,13.728,15.628,17.385,18.802,20.313,21.324,22.233,22.631,23.703,23.93,24.969,24.122,23.797,23.252,22.19,21.57,19.587,18.412,16.619,14.883,13.519,12.138,10.521,9.0207,7.484,6.6708,5.1549,4.8686,3.8222
12.5,-0.36825,0.0061827,-0.08543,0.29217,0.67412,-0.19024,0.53831,0.6259,1.0926,1.2291,1.2803,1.8284,2.1917,3.3582,3.7541,5.1452,5.5029,6.3752,7.3172,8.5228,9.9762,11.995,13.583,14.492,16.757,17.815,19.386,21.076,21.945,22.477,22.94,22.96,23.522,23.536,22.899,22.499,21.674,20.494,19.11,17.969,16.575,14.59,13.801,11.832,10.403,9.2223,7.7886,6.8231,5.5596,4.347,3.816
13,-0.2761,0.12866,0.12622,0.12838,0.22573,-0.20271,0.32514,0.68316,0.91475,0.82517,1.845,1.6129,2.6571,3.0839,3.4564,4.9894,5.0218,6.6961,7.8754,8.6354,10.609,11.545,13.185,14.677,16.045,17.766,19.11,19.569,21.543,21.514,22.959,23.376,22.84,22.91,22.307,21.934,21.04,20.303,19.236,17.909,15.881,14.497,12.553,11.336,10.438,9.2792,7.1639,6.2033,5.3348,4.5065,3.3761
13.5,0.19235,-0.048754,0.12806,0.34941,0.25892,0.22101,0.44353,0.61106,0.7325,1.0256,1.9061,1.9918,2.2158,3.0883,3.4562,4.6948,5.354,6.226,7.5193,8.1445,9.5996,10.974,12.819,14.759,16.361,17.286,18.562,19.065,20.476,21.243,21.914,22.431,22.467,21.883,22.317,21.146,20.695,20.208,18.114,16.31,15.578,14.54,13.332,10.931,10.054,8.4434,7.3213,7.0209,4.7634,4.3922,3.6723
14,0.38908,0.12024,0.2212,0.062991,0.33079,0.2395,0.65014,0.50973,0.93433,1.0655,1.7271,1.7607,1.7131,3.1838,3.1938,4.0365,4.932,6.5132,6.5594,9.3423,10.008,11.119,12.444,13.975,15.463,16.869,18.128,19.154,20.077,20.912,21.505,22.275,22.238,21.05,21.754,21.006,20.118,18.995,18.282,16.94,15.053,13.988,12.144,10.612,9.4771,8.6342,7.4612,6.2309,5.3057,4.3666,3.2541
14.5,0.19122,0.32853,0.35163,0.53235,0.4559,0.43884,0.77251,0.59639,0.53522,0.99743,1.1299,1.5279,2.1442,2.4961,3.2853,3.5576,5.0461,5.9484,6.7753,8.3897,9.7317,10.296,11.924,13.317,14.648,16.516,17.464,18.58,19.043,20.636,20.666,21.419,21.606,21.807,20.64,19.533,19.69,19.188,17.88,16.314,14.766,13.771,11.842,10.901,9.5821,8.4902,7.8289,6.0471,4.812,4.1018,2.8322
15,-0.1484,-0.036714,-0.035188,0.21677,-0.0096919,0.66101,0.43978,0.5859,0.68077,1.066,1.5662,1.4262,1.9345,2.5735,2.8887,3.7762,4.7145,6.0617,6.9243,8.0465,9.4715,10.471,11.97,13.183,14.643,15.693,16.36,18.161,19.59,20.223,20.813,21.249,21.024,20.935,20.335,19.845,19.34,18.554,17.04,15.72,14.55,13.38,11.405,9.8076,9.0355,7.6068,6.678,5.7406,4.7077,4.4451,3.379
15.5,0.14859,0.27049,-0.22279,0.47835,0.20817,0.51747,0.10685,0.10746,1.0046,1.1064,1.0145,1.3827,2.4157,2.2407,3.7026,3.6511,4.9275,5.5563,6.8563,7.627,8.9391,10.264,11.26,13.11,14.051,15.409,16.374,16.986,18.636,20.18,20.256,20.361,20.404,20.372,20.182,19.098,19.022,17.963,16.879,15.6,14.2,13.079,11.727,10.134,8.8038,7.8088,7.1283,5.2719,4.2851,3.9608,3.2161
16,0.10894,0.15485,0.048844,0.6093,-0.25529,0.059678,0.38649,0.066019,0.68716,1.4667,1.2589,1.6714,1.6478,2.3474,3.0169,3.728,5.0024,5.6815,6.1761,7.6711,8.915,10.341,11.749,12.266,13.611,14.719,16.192,17.459,18.53,18.956,19.434,19.913,19.73,20.493,19.045,19.031,18.837,17.315,16.199,14.982,13.793,12.974,10.603,10.449,8.3289,7.5078,6.3716,5.682,4.1302,3.9543,3.7297
16.5,-0.35348,0.13649,-0.085747,0.28597,0.225,0.10795,0.55324,1.0861,0.66396,1.1598,0.83318,1.275,2.1168,2.9142,3.158,3.6341,4.5028,5.0021,6.5295,7.6737,8.4131,9.6105,11.077,12.129,13.493,15.355,15.788,16.785,17.592,18.736,18.996,19.185,19.887,19.805,18.868,17.95,18.085,16.683,16.094,14.128,13.775,11.89,11.209,9.7485,8.2552,7.2796,6.5469,5.4022,4.6719,4.315,2.5766
17,0.53923,0.10886,-0.15965,-0.2449,0.15697,0.5693,0.35835,0.98445,0.26774,0.91655,0.81484,1.6319,2.1918,2.2812,2.194,3.695,4.5222,5.3652,6.5616,6.9043,8.5414,9.8683,10.192,12.054,13.029,14.337,15.576,16.331,17.145,18.068,18.255,18.577,19.215,18.558,18.78,18.194,16.828,16.27,15.826,14.063,13.036,12.091,10.955,9.4295,8.1523,7.6466,6.7069,5.5322,4.4118,3.3882,2.7219
17.5,0.20945,0.20112,0.52769,0.34544,-0.2426,0.60103,0.087235,0.40259,0.76054,1.4958,2.0938,1.6669,1.8227,2.5078,3.1676,3.4488,4.8208,5.1829,6.1869,7.2466,8.2577,9.5273,10.276,11.495,12.525,14.14,15.324,16.209,17.423,17.611,18.325,18.111,18.428,18.646,18.378,17.523,16.897,15.613,14.98,14.272,13.024,11.809,10.471,9.2734,7.9287,7.252,6.1595,5.2574,4.1205,2.8954,3.2272
18,-0.092276,-0.18513,0.31256,0.02893,0.52108,0.46339,0.58205,0.095046,1.0319,0.95314,1.0211,1.4909,1.2981,2.4117,2.5205,3.0513,3.7194,5.3211,5.6993,7.3327,7.7695,8.5343,9.8675,11.746,12.491,13.498,14.766,15.826,16.839,17.614,17.57,17.586,17.963,18.062,17.388,16.891,16.606,15.659,14.726,13.432,12.466,11.095,10.466,9.3537,7.3729,6.5903,5.4358,4.789,4.148,3.0194,2.5502
18.5,-0.2511,0.13403,0.1227,-0.073653,0.25107,0.10733,0.28607,0.99428,1.0538,0.4631,1.3526,1.6553,1.441,2.4779,3.2205,3.0347,3.7974,5.1691,5.8239,6.8681,7.8365,8.9403,9.5526,11.409,12.58,13.257,14.342,14.829,16.252,16.927,17.224,17.878,17.541,17.71,16.936,16.748,16.044,15.355,14.243,13.284,12.474,10.961,9.466,9.3453,8.146,6.3123,5.9468,4.7104,4.1494,3.4575,2.6868
19,-0.18629,-0.1371,-0.1755,-0.11024,0.17293,0.049848,0.56302,0.92616,0.46147,0.9036,1.2262,1.5184,1.764,2.3998,2.8354,2.9166,4.2326,5.0097,5.3715,6.5484,7.7482,8.5424,10.027,11.53,11.691,12.583,14.093,15.128,15.631,16.779,16.416,17.317,17.025,17.624,17.415,16.112,15.535,15.168,13.884,12.982,11.933,10.243,9.6988,8.3962,7.3932,6.968,5.2215,4.9855,3.8864,3.2023,2.9263
19.5,0.14963,0.2395,0.38734,0.036442,0.0046064,-0.067551,0.10187,1.3528,0.99311,0.4058,0.65285,1.4872,1.8622,2.2877,2.5476,3.1689,3.972,4.652,4.7963,6.3065,7.1015,8.4453,10.361,10.664,11.539,12.953,13.801,14.67,15.495,16.557,16.063,16.829,16.505,16.853,16.127,15.814,15.224,14.836,13.93,12.301,11.648,10.339,9.0862,8.326,7.2627,7.1019,5.5903,4.2114,3.7028,3.5116,3.2494
20,-0.42936,-0.49736,0.65576,0.24934,-0.076889,0.41197,-0.44991,0.45746,0.70267,1.0683,0.7194,1.3351,1.3784,2.1471,2.2906,3.0048,3.4791,4.7072,5.5846,6.1476,7.1866,7.7509,9.1417,10.278,12.132,12.03,13.758,14.484,15.02,16.074,16.11,16.392,16.353,16.642,16.327,15.358,14.539,14.124,13.078,12.343,11.716,10.155,9.2176,8.2016,7.4284,5.5426,5.1438,4.574,4.1367,2.9786,1.9953
20.5,0.23119,-0.12565,-0.26477,-0.058134,0.12369,0.06392,-0.3293,0.71425,0.97181,0.96687,0.65691,1.2165,1.6131,2.1989,2.6964,2.8297,3.7091,4.5375,5.6322,6.2757,7.2347,8.0085,9.4269,10.162,10.807,12.479,13.2,13.702,14.423,15.252,15.742,15.933,16.058,16.384,15.925,15.22,14.849,13.525,13.109,12.6,10.999,9.7837,8.8071,7.6555,6.7615,5.9522,4.7728,4.4041,3.9543,2.7768,2.9509
21,0.19739,0.37252,-0.10751,0.38232,-0.15298,0.50634,0.37568,0.60007,0.22208,0.48379,1.1527,0.96089,1.714,1.5592,2.6886,2.6048,3.7591,4.4793,4.8581,6.0892,6.9033,7.6245,8.4789,9.2022,10.897,11.291,12.698,13.415,14.411,14.698,15.12,15.702,15.672,15.577,15.359,14.328,14.434,13.677,12.364,11.687,10.78,9.75,8.8808,8.2148,7.1489,5.5201,5.253,4.6896,3.7088,3.3012,3.0373
21.5,0.35018,0.13657,0.40114,0.16631,0.17745,0.12791,0.78513,0.17782,1.0202,0.88366,0.52963,1.3249,0.9061,2.1083,2.6396,2.7233,3.5417,4.7718,4.7902,5.4508,7.1011,8.1827,8.5657,9.8528,10.928,11.248,12.211,13.53,14.362,14.593,14.579,15.696,15.028,15,14.945,14.89,14.113,13.285,12.496,11.483,10.693,8.7899,8.475,7.6657,6.3107,5.8838,4.88,4.7117,3.976,2.7608,2.3283
22,0.019812,-0.07525,0.14395,-0.10768,-0.17312,0.41438,0.49714,0.17158,0.81527,0.52608,1.0019,1.4307,1.4881,2.0096,2.1604,2.7704,3.3563,3.8582,4.7668,5.1614,6.3449,7.321,8.2763,9.2411,10.248,11.331,12.314,12.641,13.154,13.755,14.33,14.622,14.581,14.339,14.34,14.122,13.693,12.668,11.928,10.909,10.256,9.0586,8.5246,6.8702,6.3839,5.7159,4.8746,4.8897,3.5225,2.5277,2.2863
22.5,-0.49192,0.034577,-0.16658,0.39146,-0.002907,0.1869,0.10999,0.92432,0.43677,1.2476,1.1473,1.2999,1.5717,1.945,1.6798,2.6758,3.5871,3.9667,4.2793,5.4714,6.8431,7.5976,8.1283,9.3691,9.9027,10.4,11.477,12.988,13.099,13.648,14.029,14.935,14.934,15.03,14.071,13.809,12.726,12.962,11.404,10.976,9.6832,8.9066,7.8954,7.0408,6.1698,5.3222,4.9505,3.6495,3.3994,3.1245,2.1039
23,-0.17543,-0.011854,0.43519,0.17218,-0.0014146,0.36161,-0.037465,0.59712,0.64255,0.58827,0.62916,0.86072,1.5854,2.1504,2.0111,2.8288,2.6251,3.7076,4.5754,5.0787,5.8946,6.8449,8.0334,8.8032,9.094,10.005,11.282,12.347,12.032,13.232,13.613,14.426,13.974,14.124,13.813,12.743,13.086,12.274,11.617,11.819,9.14,9.3765,7.8593,7.1311,6.1616,5.224,4.4135,3.9816,2.7958,2.9162,2.0773
23.5,-0.30006,-0.079117,0.45641,-0.049468,0.26158,-0.0081932,0.51335,0.58866,1.0617,0.61112,1.0596,1.1283,1.7786,1.522,2.3714,2.5664,3.1517,3.8146,4.5472,5.1846,6.0875,7.3447,8.0452,8.9014,9.3878,10.112,11.468,12.171,12.98,12.87,13.362,13.172,13.624,13.963,13.291,13.244,12.481,12.006,10.837,10.404,8.6269,8.5844,7.2602,7.2328,6.2561,5.3592,4.9276,3.5022,3.695,2.9043,2.0768
24,0.37868,-0.27738,-0.17005,-0.074191,-0.008456,-0.11109,0.64583,0.29588,0.60033,0.47628,0.29157,1.1528,0.78179,1.6742,1.6844,3.1561,3.366,3.7253,4.7402,4.8367,6.0374,6.7615,7.6375,8.809,9.509,10.209,10.409,11.327,12.192,12.757,12.76,14.05,13.858,13.507,13.121,12.666,11.943,11.638,10.983,9.7501,9.3894,8.3806,6.9857,6.4433,5.7501,5.6567,4.5279,3.2928,3.2383,2.0956,2.4196
24.5,-0.10428,0.025067,0.47313,-0.28044,-0.27261,0.02571,0.58353,-0.091493,-0.36728,0.49605,0.98258,1.4053,1.183,1.5295,2.3893,1.9358,2.8997,3.6595,4.3882,4.8119,5.7396,5.7896,7.1742,8.3553,8.7652,9.8905,10.77,11.225,11.978,12.126,12.714,13.18,13.119,12.821,12.843,12.63,11.312,11.676,10.535,10,9.419,7.8076,7.1587,6.4494,5.494,5.4852,3.9962,3.4356,3.0775,2.136,1.9243
25,0.13137,-0.048014,0.045513,-0.055704,-0.31144,0.29231,0.79178,0.36083,0.53803,0.82362,0.41608,1.5302,1.35,2.1017,1.7728,2.9805,3.1743,3.6793,4.2186,4.7677,5.948,6.4169,6.5995,7.6812,8.7805,9.7221,10.357,11.414,11.047,12.152,11.915,12.904,12.721,12.802,12.201,12.492,11.945,11.223,10.335,9.803,8.6241,8.2729,7.6844,6.6958,5.3688,4.9506,3.7603,3.6851,3.0769,1.874,1.6441
25.5,-0.049696,-0.039694,-0.29113,0.21724,0.21482,0.13271,0.032005,0.66115,0.95545,0.45552,0.59354,1.1416,1.1501,1.5305,2.1654,1.8021,3.2646,3.4485,3.9225,4.6959,5.4386,5.698,7.4606,7.8308,8.751,9.6768,9.8111,10.917,11.265,12.064,11.515,12.334,12.254,12.493,12.294,11.597,11.132,10.742,9.8484,9.6439,8.5073,6.9462,6.8996,5.9057,4.9604,4.3514,4.0787,3.8252,2.963,2.1929,2.0802
26,-0.10335,-0.15907,-0.27637,-0.42748,0.018955,0.23369,0.22336,0.21319,0.16377,0.76823,0.36286,1.2025,0.92577,1.3077,1.4554,2.1659,3.0909,3.4968,4.2396,4.7627,4.9842,5.9646,6.6049,8.0245,8.0463,9.4276,10.136,11.058,10.943,11.732,12.537,11.873,11.667,11.494,12.067,10.953,10.954,10.641,9.9231,9.2871,8.4719,8.009,6.5532,5.8607,5.0834,4.8551,4.2161,3.4774,3.1533,1.9628,2.3956
26.5,0.4905,0.26878,0.60275,-0.40134,-0.02476,-0.038918,0.46256,0.014587,0.66369,0.98245,0.94784,1.0309,0.89979,1.2415,2.2236,2.4929,2.7175,3.1342,3.2409,4.1711,5.7575,5.53,6.727,7.7393,7.8213,8.9888,9.9054,10.254,11.653,10.733,11.878,11.709,12.06,11.893,11.34,11.302,10.235,10.431,9.7134,9.1249,8.5152,7.5473,6.7145,5.6498,4.9704,4.8483,4.2795,3.1881,2.7429,1.9877,2.2005
27,0.23232,0.62927,-0.19697,-0.020122,0.19873,0.37113,0.17534,0.0596,0.69009,0.77352,0.44614,1.329,1.5177,1.4989,1.8269,2.3695,2.4033,3.1881,3.1079,4.6444,4.5876,6.2191,6.4064,7.19,7.8071,8.6264,9.812,9.2506,10.909,11.058,10.913,11.148,12.039,11.187,10.929,11.298,10.627,9.7155,9.4514,8.405,8.3256,7.5719,6.665,5.8766,5.5844,4.3813,3.399,3.3139,3.2876,1.8989,1.6946
27.5,0.15682,0.029579,-0.22981,0.42753,0.82212,0.23165,-0.037107,-0.15114,0.49255,0.87459,0.84577,0.89892,0.96103,1.095,2.0089,2.423,2.1324,3.5775,3.8331,4.6931,4.5286,5.2159,6.3001,7.2252,8.3369,8.7095,9.0818,9.4422,10.635,10.397,11.485,11.102,11.729,11.391,10.955,10.53,10.164,9.8786,9.1778,8.3195,7.7483,7.0979,5.7062,5.7631,4.6373,3.9272,3.1547,2.5624,2.1894,1.9362,2.3445
28,-0.12666,0.097945,0.18343,0.12805,0.09976,-0.19004,0.66361,0.84797,-0.099894,0.2228,0.60191,0.58806,1.2615,1.169,2.3646,2.453,2.5958,3.3321,3.9023,3.9986,4.5646,5.5102,6.4467,6.9414,7.1324,8.047,8.9064,9.4867,10.604,10.006,10.877,11.358,11.655,10.79,10.872,10.593,10.071,9.4797,9.0594,7.5282,7.8101,6.9376,6.1214,6.1008,4.607,4.0468,4.168,2.7744,2.3669,2.0517,1.9673
28.5,0.092675,-0.34427,-0.09793,-0.095667,0.09679,0.29213,0.34816,-0.23455,0.71409,0.59269,1.0843,0.98902,1.4127,1.4932,2.0766,2.2008,2.4401,3.6311,3.7491,4.237,4.3078,4.9648,6.1232,6.773,7.2334,8.1255,9.1848,9.4832,9.423,10.131,10.219,10.525,10.579,10.498,10.084,10.127,9.5971,8.3957,9.3241,8.4099,7.3048,6.735,5.6839,5.86,5.2599,4.1118,3.7894,3.0019,2.0684,1.9205,1.7123
29,-0.10678,-0.023152,0.032777,0.060139,0.13267,-0.15786,0.0020904,-0.094484,0.6785,-0.12754,0.99848,1.2505,0.96494,0.5389,1.523,1.9744,2.1053,2.722,3.8554,4.164,4.2975,4.7399,5.7883,6.4992,7.3834,7.7231,8.6466,9.6261,9.7688,9.8994,10.147,10.272,10.793,10.191,10.215,9.9292,9.3736,8.6338,8.5901,7.8654,7.3846,6.4031,6.2526,4.9561,5.0885,3.4402,3.5268,3.0191,2.1698,2.1209,2.0153
29.5,-0.63619,0.19222,-0.68927,-0.20738,0.60285,-0.018171,-0.14033,0.22433,0.99602,-0.057799,0.3209,1.2633,1.5868,1.2562,1.2194,2.5732,2.8274,3.0092,3.0688,3.8519,4.4139,5.1896,6.1763,6.665,6.7327,8.102,8.3774,9.0284,9.729,9.3356,9.9393,9.9631,9.7103,10.227,10.703,9.117,9.2793,9.0144,8.3204,7.6551,6.6661,6.471,5.514,4.4333,4.8203,4.1541,3.328,2.8742,2.6713,2.0117,1.8624
30,-0.061102,0.43397,0.1535,0.1385,-0.26973,0.23859,-0.042985,0.085218,0.12176,0.15969,1.258,1.1933,1.5802,0.8886,1.5732,1.5084,2.0823,2.4608,3.6026,3.6523,4.6723,5.1459,6.2904,5.7993,7.2595,7.8431,7.7869,8.9066,9.1605,9.3621,9.4572,9.6568,10.544,9.8728,9.939,9.1931,8.8257,8.929,7.6741,7.3746,6.8919,6.2765,5.5456,5.0834,4.5596,3.9915,2.935,2.651,2.6494,2.1648,1.14
30.5,0.13289,-0.55409,0.069927,0.64763,-0.17583,-0.10156,0.43071,-0.19297,0.1675,0.64666,0.41498,0.70353,1.2026,1.3509,1.5936,1.7478,2.3455,2.6316,3.2883,3.5289,4.1896,4.5451,5.4505,5.8457,6.3776,7.3916,7.9433,8.6268,8.7067,9.3199,9.63,9.7623,9.4364,9.6736,9.574,9.1997,8.21,8.4401,8.5432,7.206,6.4934,6.201,5.5548,5.1999,3.867,3.8974,3.3281,2.626,2.3361,2.1584,1.7752
31,-0.31614,0.28445,0.035061,0.098232,0.12782,0.099992,0.55404,0.23809,0.012636,0.33812,0.64393,1.124,1.1361,0.93908,2.2217,1.8833,2.5619,2.5573,3.2332,3.8391,4.505,5.0397,5.5879,5.8441,6.3746,7.2332,7.9649,8.118,8.9374,9.4062,8.9562,9.14,9.4029,9.4834,9.0737,9.3761,8.745,8.1966,7.2542,6.7387,6.6304,5.2989,5.63,4.6751,5.1125,4.2796,3.0187,2.5709,2.478,2.3149,0.98477
31.5,-0.5098,-0.14915,0.22794,0.22355,0.42418,-0.21843,-0.50317,0.51411,0.091437,-0.16063,0.61926,0.97451,0.89493,1.0274,1.3919,1.6482,1.7211,2.3241,3.1537,3.5951,4.0878,4.3074,5.1403,5.1389,6.438,7.386,7.053,7.8069,8.5038,9.1248,8.8687,8.9515,8.6212,9.1902,9.6158,8.8322,8.3984,8.0793,7.4919,6.7134,6.6314,5.8598,5.2,4.3133,4.4284,3.6981,2.8314,2.8391,1.9762,1.5248,1.2118
32,-0.50586,0.17799,-0.49753,-0.29589,-0.52198,0.11217,0.14184,0.15236,0.01873,0.082257,0.70084,0.5532,1.0035,0.87042,1.4585,2.1069,2.2489,2.3521,3.0004,3.3401,3.94,4.3945,5.0172,5.7126,5.9288,6.4808,6.8936,7.3055,7.8324,8.5808,8.513,9.0872,8.9948,8.3425,8.9774,8.7762,7.8994,7.9117,7.0532,6.8148,5.8475,5.1111,4.9516,4.4551,3.8184,3.0571,2.8033,2.5566,2.0595,1.7707,1.2032
32.5,0.37635,-0.31722,0.1968,0.42542,0.24248,0.073825,0.023835,0.55502,-0.10357,0.13218,0.42839,1.0719,1,0.81753,1.2764,1.4893,1.8089,2.7084,2.4396,3.8106,4.0889,4.7085,4.8025,5.4646,5.6431,6.4606,7.2778,7.9822,7.663,8.2126,8.5187,8.2938,8.94,8.4953,8.5055,8.1867,7.7583,7.5913,7.065,6.5064,5.8545,5.6054,5.4374,4.4233,4.1393,2.9109,2.8984,2.0855,1.5787,1.4518,1.7271
33,0.30923,0.10765,-0.41053,0.010218,0.1863,0.18392,-0.37532,-0.028936,0.29611,0.57365,-0.1247,0.6347,0.90715,1.3355,1.5436,1.807,1.7319,1.7827,2.6628,3.5463,4.1637,4.4863,4.9482,5.4874,5.7563,6.4156,7.4544,7.1231,8.2822,8.0202,8.7503,8.0754,8.722,8.2764,7.928,8.1823,8.1006,7.1524,6.5039,6.4271,5.8969,5.538,5.1042,4.2553,4.3023,3.3131,2.6768,1.8716,1.8931,1.5313,1.6238
33.5,0.16237,-0.31992,0.099744,0.26886,0.55183,0.39427,0.40169,0.25031,0.42404,0.77742,0.12112,0.56163,0.61113,1.1677,1.6718,1.4129,1.2061,2.1733,2.9861,3.327,3.7816,4.0836,4.3167,5.3954,5.5266,6.9505,6.9531,7.0489,7.4218,7.8885,8.0745,8.6227,8.3911,8.0681,8.7135,7.9312,7.8359,7.0406,6.8909,6.3886,5.21,5.8454,5.0876,4.0485,3.3225,3.27,2.7381,2.4036,1.9807,1.7438,1.7369
34,0.19347,-0.28184,0.45565,0.55792,1.0367,-0.21219,0.24201,-0.39809,0.4659,0.22817,1.0851,0.41762,0.31534,0.88651,0.67792,1.778,1.2562,2.2488,2.0217,2.9915,4.056,4.1729,4.3253,5.1021,5.6397,6.2816,6.2044,7.2225,6.6061,7.532,7.7988,8.273,8.1362,7.6613,7.6498,7.7805,7.3937,6.871,6.4702,6.3487,5.479,5.085,5.2353,3.6376,3.0074,3.3226,2.4415,2.1448,1.6414,1.4747,1.7501
34.5,0.26311,0.29091,-0.37914,-0.28124,-0.76286,-0.12104,0.45198,0.37603,0.2261,0.37625,0.28888,0.69539,1.0316,0.51774,1.3291,1.794,1.7049,2.3951,3.4242,2.98,3.593,3.7429,4.5255,5.1233,5.5536,5.6823,6.5131,7.3094,7.3689,7.8189,7.678,8.1084,8.0125,7.5981,7.8446,7.2328,7.0444,6.9276,6.5404,5.6314,5.8113,5.1568,4.2597,3.5031,3.4315,2.8775,2.6137,2.076,1.2272,1.3978,1.1475
35,0.21202,-0.17802,0.5482,-0.51097,0.48002,0.051473,0.41878,0.23944,0.62719,0.25728,0.15372,1.0445,0.74795,1.0442,1.579,1.1673,1.9629,1.954,2.4764,2.9586,2.9391,3.6328,4.7661,5.128,5.3407,5.9133,6.2036,7.1081,6.9956,7.4139,7.9016,7.4556,8.2006,7.2296,8.0467,7.2326,6.9829,6.1341,6.1555,5.5284,5.1772,4.821,4.6481,3.9288,3.4815,2.6083,2.2519,2.6706,1.5637,1.9738,1.1357
35.5,0.022062,0.35178,0.42506,0.027739,-0.031943,0.09906,0.25832,0.47757,0.27955,0.54993,0.96288,0.71743,0.85618,0.49794,0.38954,1.557,1.7117,1.9239,2.527,2.8463,3.6438,3.7968,4.029,5.0392,5.162,5.8541,5.9933,6.3407,6.9067,7.1669,7.5151,7.4183,6.9911,7.3691,7.6093,7.0738,6.8076,6.8316,5.923,5.2333,5.179,4.5969,3.9632,3.7184,3.453,2.8617,2.5461,2.6224,1.6373,1.524,1.026
36,-0.23306,-0.14556,-0.10121,0.16732,0.78717,-0.10184,0.028066,0.18605,0.39015,0.43433,0.84497,-0.13977,0.027779,0.78131,1.4788,0.93519,0.79494,2.1984,2.4665,2.4667,2.9282,3.387,4.1812,4.4371,5.2463,4.6991,5.728,6.0365,6.6347,6.8248,7.4285,6.756,7.3695,7.4813,7.7462,6.8416,6.8089,5.8332,5.2675,5.809,5.0964,4.9786,3.736,3.8339,3.7845,2.9196,2.4764,2.0296,1.226,1.8116,0.96639
36.5,0.17168,-0.43974,-0.31247,0.48853,-0.023783,0.54617,0.12581,-0.35264,0.53233,0.16953,0.65799,0.58119,0.26256,0.9564,1.7801,1.5181,1.6381,2.2996,2.3975,2.7876,2.8168,3.6572,4.3563,4.26,5.3996,5.3909,5.5709,6.5162,6.4598,7.0415,6.9241,7.1153,7.3223,7.2205,6.413,6.4773,6.8247,6.1773,5.6802,5.0108,4.6483,3.9043,4.0153,3.4076,2.8543,2.7043,2.4435,2.605,1.2018,1.718,1.4132
37,-0.2139,0.089421,-0.096939,0.11228,0.53116,0.28915,0.29817,0.065896,-0.18704,0.2754,0.7993,0.10132,0.39105,0.92259,0.79819,1.0986,1.4874,1.5185,1.9844,2.8685,2.6744,3.0192,3.7568,4.619,4.7904,5.1452,5.7065,5.5397,6.5327,6.7605,6.7158,7.2589,6.6588,7.2955,6.8849,6.5445,6.3783,6.0313,6.0592,4.9616,4.6207,4.7104,3.7671,3.7687,3.5765,2.5369,2.4811,1.5821,1.8409,1.3962,1.2355
37.5,-0.17433,-0.47058,0.19033,-0.56384,-0.018719,0.38717,0.19956,0.77468,0.55933,0.13343,0.43471,0.53144,0.21546,0.58075,0.89835,0.69251,1.5888,1.8059,1.7186,2.7131,3.2057,3.4803,3.7511,4.4683,4.9338,5.2463,5.3052,5.9967,6.5853,6.3024,7.2991,6.6276,6.834,6.5836,6.7367,5.9587,6.0628,5.5861,5.5932,5.4524,4.9235,3.5793,4.461,3.5007,2.758,2.639,2.2733,1.6805,1.634,1.1211,0.94527
38,-0.18702,-0.40274,0.082134,0.22941,0.22906,0.3482,0.23579,0.025661,0.49748,-0.085795,0.14579,0.24292,0.99709,1.1244,1.1864,1.5928,1.2719,1.9387,2.1281,2.7819,2.8825,3.2124,3.9156,4.4477,4.4124,5.0085,5.098,5.0183,6.133,6.504,6.5837,6.0329,6.5506,5.9523,6.9159,5.9955,6.4495,6.0515,5.1453,4.687,4.7181,3.9316,3.7841,3.1831,2.3827,1.8587,2.2336,1.6657,1.3698,1.48,1.3923
38.5,-0.063365,-0.075785,0.18748,-0.35459,0.1397,0.26527,0.33914,-0.40013,0.011113,0.050045,0.43568,0.66326,1.1055,0.67229,0.86529,1.5847,1.5868,2.1692,2.1988,2.1183,2.4451,2.7803,3.8593,4.4382,5.0539,5.1557,5.6306,5.4513,5.576,6.4203,6.4697,6.4866,6.6077,6.5514,6.7296,6.5538,6.0862,5.8791,5.436,4.7644,4.726,3.6632,3.9768,2.8874,2.9308,2.2119,2.2782,1.7787,1.0194,1.366,0.84119
39,0.28229,0.026141,0.15514,-0.23608,-0.10584,-0.040352,0.38875,0.67965,-0.0079456,0.62884,-0.2552,0.14797,0.35261,0.39477,0.51444,1.3331,1.3966,1.8585,2.2671,2.4843,2.9722,3.1447,3.2142,4.2981,4.2112,4.501,5.098,5.2126,5.6515,6.1163,6.2923,6.0257,6.1849,6.6173,6.3367,6.6356,6.1307,5.8297,4.735,5.0108,4.372,3.8155,3.6207,3.4492,2.9251,2.141,2.2827,1.5534,1.5258,1.1182,0.92385
39.5,0.24737,-0.28695,0.61917,-0.4964,-0.11009,0.2059,0.30378,0.14193,0.21062,0.4214,0.31661,0.91168,0.87624,1.0426,0.67524,1.1555,1.3346,1.3999,2.1172,2.1839,2.9029,2.7664,3.9978,3.6136,4.3454,4.9012,4.853,5.6067,5.2653,6.3002,6.0392,5.9607,6.0851,6.3823,5.8597,5.6398,5.5676,4.9979,5.5704,4.4937,4.5291,3.9454,3.1868,3.0857,2.9415,2.2887,2.3671,2.0081,1.7004,1.0414,0.64113
40,-0.16701,0.08336,0.19847,-0.60278,0.065065,0.13992,0.042046,0.55521,0.34875,0.68393,0.31161,0.76278,1.0995,1.155,0.61361,1.0741,1.286,1.8064,2.1654,2.0356,2.6598,2.4052,3.8287,3.6329,4.1907,4.4556,5.244,4.3676,5.49,5.6881,5.7499,6.5059,5.7562,6.2196,5.9929,6.0983,5.2948,4.999,5.229,4.6761,3.7105,3.6249,3.5121,3.2625,2.4357,1.413,2.1165,1.2935,0.78437,0.30053,1.1854
40.5,0.055233,-0.043814,0.45058,0.23869,0.55072,-0.32761,0.11185,-0.32133,0.14791,0.2091,0.55509,0.48332,0.781,0.95371,1.5645,1.0272,1.073,1.6925,1.6705,2.6754,2.4894,2.7672,3.1709,3.9087,4.0236,4.2437,5.2788,4.8331,5.37,5.7743,5.2513,5.9843,5.5572,6.087,5.4519,5.7864,5.6911,5.3484,4.8546,4.3668,3.898,4.1345,3.1024,2.6257,2.7739,1.992,1.6261,1.1855,1.2104,1.097,0.99094
41,0.30163,0.18136,-0.024225,-0.013138,0.21725,0.46976,0.15709,0.018904,-0.086484,-0.15688,0.55793,0.63145,0.75253,0.68574,1.3174,0.94889,1.6084,1.567,1.6815,2.3535,2.6337,2.9714,3.2549,3.5906,4.6869,4.6819,4.878,4.9979,5.5291,5.5962,5.6068,5.6049,5.7044,4.7449,5.6621,5.2943,5.7048,4.9701,4.3045,4.3117,3.6566,3.744,3.3178,3.1517,2.2735,2.186,1.4545,1.7891,1.4775,1.2429,0.89584
41.5,0.14027,0.50402,-0.053308,0.08677,-0.26322,-0.17466,0.1456,0.48688,0.12927,0.19908,0.22714,0.28632,0.6535,0.25728,1.2575,0.86749,1.5057,1.1587,2.0186,2.3236,2.564,2.4953,3.2256,3.1581,3.7965,4.5287,4.7851,4.8463,4.8055,5.5002,5.4665,4.8593,5.8221,5.5481,5.8214,4.9779,4.1449,4.9255,4.6335,3.7126,3.5788,4.3396,3.0591,3.0129,2.2536,1.4949,1.7669,1.46,1.1692,1.0327,0.95252
42,-0.02959,-0.35704,0.17728,-0.54075,-0.55403,0.30545,0.26549,0.13464,-0.21757,0.050816,0.26176,-0.043056,0.32935,0.88471,1.2799,0.91494,1.4843,0.92746,1.9709,1.8285,2.4805,2.6503,3.4691,3.164,3.965,4.0318,4.3863,4.6671,4.7184,5.1713,5.3071,5.4906,5.4747,5.6576,5.6029,4.8603,5.2327,4.3663,4.6102,4.3016,3.2034,3.4542,2.9324,2.497,2.7936,1.8735,1.5311,1.5244,1.463,0.99827,1.2016
42.5,0.17436,-0.63185,-0.12819,-0.12558,0.20338,-0.70582,0.87529,0.30742,0.24077,0.61116,1.0353,0.68618,0.8221,0.71121,0.7882,0.87233,0.97846,1.2585,1.3241,1.9958,1.8239,2.7147,2.9862,3.3858,3.5269,4.9371,4.7324,4.2323,4.9192,4.8653,4.89,4.8824,5.4444,5.08,5.4847,5.3458,5.2615,4.3499,4.467,4.2038,3.5413,3.1102,3.4799,2.7256,2.5201,1.7719,1.3635,1.2938,1.1891,0.6958,0.8277
43,-0.49186,-0.31494,0.23117,0.22305,-0.059466,-0.22572,-0.20037,0.03247,0.38462,0.52883,0.17501,0.068414,0.60454,0.40835,0.65467,1.3876,1.4442,1.4758,1.305,2.0321,2.5906,2.4791,3.3284,3.647,4.0917,4.0065,4.3938,4.9162,4.8638,4.7727,4.9316,5.2255,4.7964,5.111,5.3951,4.2657,5.1899,4.8286,4.0797,4.0779,3.5935,3.6282,3.2179,2.1718,2.448,1.907,1.7114,1.21,1.7205,1.302,0.58821
43.5,-0.38605,-0.095145,0.15951,0.11294,0.4326,0.31462,0.39606,0.23894,-0.23025,0.18546,0.634,0.38877,0.66217,0.5436,0.4812,0.92856,1.2592,1.1965,1.5742,1.6383,2.5515,2.4394,3.2867,3.6374,3.4796,3.5157,3.4877,3.9394,4.2006,5.2151,4.9758,5.1436,4.3894,4.6673,5.2072,4.8876,4.5686,4.5505,4.6042,3.7519,3.5247,3.2365,3.5686,1.898,2.4207,1.8857,1.815,1.196,1.1518,1.179,1.724
44,0.25639,-0.23437,-0.098693,-0.096156,-0.48343,-0.023297,0.32244,-0.24486,0.49648,0.38448,0.087902,0.35179,0.97812,0.84351,0.77327,0.87042,1.1607,1.2052,0.9729,2.4853,2.2076,2.5848,2.7632,2.8797,3.3616,3.2442,4.695,3.9025,4.1893,4.5509,5.2055,4.9069,4.5599,5.2789,5.0383,4.8445,4.7136,4.9911,4.6674,3.518,3.9045,3.2152,2.9303,1.9577,2.1099,1.6288,1.8527,1.6801,0.51534,0.93511,1.1072
44.5,-0.042374,0.23827,0.13308,0.14138,-0.027496,-0.29111,-0.2364,0.34682,0.18328,0.19071,0.1734,0.29296,0.80039,0.50748,0.34929,1.1416,1.0481,1.3346,2.047,1.8203,2.1944,2.0508,2.646,3.2066,2.8664,3.6923,3.9431,4.1797,4.699,4.6677,5.1435,4.4835,4.8498,4.8069,4.3793,4.8542,5.0852,4.1622,4.0643,3.6574,3.1189,2.4775,2.5001,1.9869,2.6189,1.7919,1.4609,1.592,0.77307,0.68841,0.77203
45,0.32192,0.16958,0.10155,0.061359,0.17264,0.13253,-0.2114,0.14453,-0.14905,0.25085,0.14895,1.1368,0.46234,0.17177,0.6928,1.0516,1.5842,1.1157,1.0514,2.0264,1.6415,2.2143,2.5676,2.9282,3.4574,3.3373,3.7341,4.0602,4.3244,4.4839,4.7148,4.9166,4.8081,4.7996,4.1094,4.4697,4.4233,4.2831,3.6085,3.3447,3.0785,3.11,2.9551,2.2229,2.328,1.8184,1.4888,1.2291,1.3062,0.99347,1.4158
45.5,-0.2427,0.17403,-0.13238,-0.2238,0.04801,0.11146,0.97063,0.072234,-0.17027,0.30284,-0.33649,0.33817,0.4674,0.81678,1.007,0.72261,1.0103,1.0308,1.15,1.8303,1.6228,2.1628,2.2811,3.0411,3.7109,3.0644,3.1661,3.9266,4.1785,4.4102,4.3369,4.4881,4.6847,4.8605,3.8843,4.2339,4.238,3.6887,4.2414,3.2643,3.158,3.043,2.4022,1.7333,1.8763,2.0462,1.3873,1.0067,1.3332,0.77445,0.5619
46,0.057482,0.24937,0.74024,0.28425,0.39796,-0.083266,-0.21493,0.14303,0.19677,-0.10807,0.22626,0.47653,0.55929,0.7154,0.78459,0.7,0.87525,0.86978,1.9871,1.6985,1.8879,1.9521,3.3966,2.4832,2.9635,3.4944,3.8102,4.1536,4.6131,4.3892,4.0436,4.359,4.5539,5.0565,3.9411,4.5981,4.1248,4.1176,3.5995,3.1169,3.3174,3.0016,2.8075,2.2268,1.7754,1.2268,1.6975,1.3566,0.73969,0.69053,0.55727
46.5,-0.43256,-0.22761,-0.31506,-0.08856,-0.17284,-0.42127,0.69732,0.49702,-0.073151,0.29189,0.3972,0.70525,0.19445,0.87782,0.51571,0.43031,1.2212,1.5863,2.1922,1.2927,2.1168,2.0527,2.6888,2.2948,2.637,3.0536,3.5642,3.5784,4.168,4.4408,4.4327,4.8121,4.4761,3.9614,4.6618,3.9512,4.2434,4.2429,3.6775,2.8376,2.7403,3.1328,2.4031,2.1996,2.1348,1.8615,1.4995,1.1365,0.9102,1.0884,0.84615
47,-0.065162,0.34189,-0.014236,-0.22118,-0.18013,-0.22844,0.0065811,0.48838,-0.084938,0.26151,0.068239,0.26124,-0.023844,0.47044,0.60518,0.97264,1.0462,0.80999,1.7061,1.6749,1.9195,2.1192,2.2379,2.7337,3.084,2.6812,3.2914,3.6012,3.9491,4.3887,3.9163,4.0703,4.0902,3.9792,4.0436,4.2619,3.5561,3.806,2.9425,3.0369,2.8425,3.1709,2.3108,1.4616,1.2604,1.622,1.565,1.2821,1.0295,1.1592,0.50141
47.5,0.2802,-0.47277,-0.24761,-0.50864,-0.036062,0.049694,0.12035,0.13391,-0.12554,0.14284,-0.19054,0.73992,0.32748,0.37669,1.1236,0.41786,0.61736,0.81176,1.3264,1.7015,2.036,2.8412,1.6593,2.7851,2.7016,2.9502,3.1819,3.3142,4.282,4.1838,4.0523,4.5208,3.6854,3.7163,3.392,3.7213,3.8251,3.6177,3.4126,2.7028,3.1097,2.6744,2.5541,1.5017,1.9075,1.2157,1.2276,1.3009,0.98237,0.53507,0.6488
48,-0.44802,0.36149,-0.038305,0.36821,-0.11271,-0.09507,-0.14526,0.37535,-0.063876,0.38835,0.13757,-0.27001,0.23714,0.1567,0.64111,0.4139,1.2093,1.0851,1.2602,1.73,2.0585,2.0124,2.0451,2.0061,2.5921,2.8638,3.3168,3.3948,3.8898,3.6502,3.9284,4.3691,4.1395,3.9959,3.7649,3.6441,3.4282,3.336,3.5114,2.9824,2.393,3.0687,2.3725,1.5964,1.6368,1.5665,1.8249,0.78003,1.2243,1.1909,0.44235
48.5,-0.072095,-0.29488,-0.038333,0.020859,0.24202,0.38753,-0.14251,-0.48048,0.1389,0.27822,0.32091,0.21681,0.43558,0.95246,0.72988,0.63997,0.7584,1.034,1.7721,1.4404,1.7197,1.8239,2.55,3.0636,2.864,2.9985,3.2146,2.6966,3.816,3.7797,3.9766,3.7014,3.8219,3.7915,4.1546,3.6258,4.2172,3.5412,2.8209,2.9351,2.5333,1.8173,2.7001,2.1796,1.8856,1.545,0.86648,0.93991,1.161,0.43662,-0.14417
49,-0.057248,-0.026913,0.062814,0.24961,0.23432,0.13661,0.43856,-0.34868,0.29306,0.37343,-0.13186,-0.14382,0.16455,0.28708,0.8262,0.54905,0.62913,0.87472,1.585,1.4624,1.6292,1.887,2.5531,2.1897,3.0561,2.9634,3.0763,4.078,3.1871,3.541,3.3833,4.1039,4.3468,4.3191,4.1203,3.5878,3.3942,2.8263,3.7352,3.0409,2.5139,2.8129,1.8736,2.042,1.6312,1.6501,1.2304,0.62293,0.9087,1.0481,0.59141
49.5,0.24315,-0.29843,0.01372,-0.15707,0.26607,0.06697,0.28495,0.43068,0.34568,0.26282,-0.065385,0.29862,0.21881,0.37033,0.47299,0.42133,0.27695,0.83164,1.2766,1.018,1.6462,2.4427,2.4189,2.8479,2.7131,3.1789,2.8301,3.0522,2.5955,3.9129,4.1225,3.5579,3.6691,3.4977,3.7752,3.8945,2.8944,3.3684,2.9643,2.8627,2.7334,2.2984,2.0809,1.8085,1.9326,1.5481,1.2848,0.6508,0.75058,0.98491,0.59666
50,0.20821,0.54481,0.33265,0.057483,-0.11236,-0.70996,0.025489,0.0039891,0.25189,0.13025,0.13218,-0.24175,0.087398,0.60485,1.0857,0.66839,0.94116,1.2923,0.94525,1.4974,1.3788,2.0858,2.1053,2.3863,2.2969,2.9709,3.5975,2.863,3.2309,3.5387,3.806,3.4641,2.8029,4.0397,3.7982,2.9463,3.1506,3.6358,3.4064,3.0404,2.4788,2.3216,2.0206,2.1649,1.3382,1.1456,1.4916,0.99329,1.2564,0.49619,0.55447
50.5,-0.26663,0.016695,-0.42302,-0.11748,-0.39095,0.26289,0.2891,-0.4198,0.53162,0.92129,0.23646,0.092521,1.2076,0.054766,0.56284,0.73431,1.2256,1.0897,1.0096,1.0677,1.4589,1.4792,2.0234,2.0708,2.0209,3.0672,2.7494,2.7068,3.2001,3.4041,2.958,3.6417,3.2485,4.0556,3.6391,3.2636,3.027,3.0558,3.0825,2.683,2.404,2.2575,1.8279,1.6783,0.93567,1.6452,1.2488,0.74971,1.3916,0.70653,0.24596
51,0.26687,0.13354,0.13841,-0.099632,0.17409,-0.025161,0.23908,-0.47466,-0.0019564,0.68446,-0.012955,0.096671,0.21699,0.074892,-0.11943,0.59445,0.84247,0.94176,1.0871,1.3326,1.8297,1.6802,1.7872,2.1004,2.582,3.0479,2.6387,3.0407,3.2718,3.0023,3.402,3.0151,2.9439,3.5648,3.2808,3.3607,3.165,2.7181,2.8136,2.2543,2.8255,1.7779,1.9007,1.4246,1.694,1.2202,0.97495,1.2135,0.81054,0.81861,0.24866
51.5,-0.41184,0.045942,-0.076111,0.21533,0.014009,0.11357,-0.4165,0.66097,0.075768,0.37295,-0.039025,0.36337,-0.048155,0.56411,0.42286,0.65599,0.99131,0.56411,0.89729,1.4243,2.1147,1.653,2.0884,2.0987,2.9314,2.0353,2.7857,2.449,2.3401,3.3078,3.3539,3.284,3.357,4.299,3.2346,3.3716,2.8972,3.0252,2.6859,2.4363,2.8944,2.4839,1.9521,1.0032,1.377,2.098,1.0334,1.2648,1.2145,0.71293,0.2771
52,-0.72123,0.21869,-0.22537,0.07957,-0.3379,-0.028808,0.078887,0.17268,-0.21249,0.51871,0.027505,-0.23807,0.30153,0.42822,0.56475,1.0399,0.69168,0.87492,0.74446,1.5015,1.5039,1.5266,1.2924,2.5115,1.9224,2.3189,2.7968,2.5052,2.5677,2.5019,3.4466,3.1227,4.1834,2.988,2.9539,2.9695,3.0886,2.7231,2.873,2.2027,1.8762,1.5387,1.1968,1.4972,1.3583,1.0659,1.4484,1.2792,0.66217,0.09308,0.34656
52.5,-0.17081,-0.18403,-0.19073,-0.16997,-0.079833,-0.14115,0.12957,0.19794,-0.15425,0.53701,-0.092545,-0.22759,0.44022,0.16237,0.60021,-0.10543,1.1615,1.09,0.59872,0.78067,1.9145,1.3906,1.5676,1.347,2.1289,2.3663,2.8375,2.3737,2.4852,3.1969,3.4526,2.7338,3.548,3.2164,3.4781,3.0405,2.1846,2.7479,2.9409,2.1665,2.1178,1.974,0.94797,2.1132,1.1424,1.376,1.0229,1.2656,0.8656,0.54519,0.23576
53,0.24827,-0.54925,0.2119,-0.30429,0.41092,0.096678,0.25865,0.11221,-0.40971,-0.10637,0.39822,0.30138,0.67223,0.51851,0.20137,0.36165,0.7563,0.17218,1.525,1.3266,1.746,1.0978,2.1463,2.6463,1.7827,2.6059,2.5584,2.2612,3.0165,3.2361,2.8924,3.4758,2.644,2.6776,3.1137,2.9936,2.6537,2.9674,2.7174,2.632,2.1421,2.1576,1.6392,2.1881,1.1342,1.8257,1.0334,0.45374,1.1358,0.63824,0.74672
53.5,0.37585,0.11385,-0.15999,0.31751,0.034594,0.25285,-0.58232,0.21955,-0.078435,0.64409,0.37857,0.31713,0.45598,0.088179,0.96622,1.1831,0.82538,1.3221,0.82696,0.92546,1.3562,1.6637,1.611,2.0893,2.2171,2.0164,2.6506,2.9163,2.8492,3.2581,2.6317,3.1892,2.7153,2.7146,2.8076,2.6297,2.6334,2.593,2.7461,2.2195,1.6495,2.27,1.478,1.5156,1.4779,1.2245,1.326,0.9887,0.44912,1.2392,0.53755
54,-0.035726,0.30134,0.092082,0.14395,0.78117,-0.036604,-0.033101,0.11831,0.4318,-0.30752,-0.40275,0.062989,-0.18775,0.25069,0.61816,0.30396,0.26199,0.84494,1.2318,0.62735,1.5568,1.7405,1.9727,2.2459,2.7333,2.1519,2.4662,2.4667,2.7293,3.3002,2.5194,2.7152,3.4038,3.2796,2.814,3.0967,2.8311,3.0417,2.4557,2.5664,2.8653,2.0598,1.7013,1.7121,1.2012,1.8522,1.0271,0.74226,0.43934,0.90035,0.72757
54.5,-0.14094,0.1848,-0.43575,0.079076,0.16852,0.557,-0.17056,-0.30222,-0.16101,-0.2601,0.5833,0.69781,0.39103,0.73519,0.49606,0.52855,0.57309,0.71067,0.48471,1.1871,1.2663,1.682,1.6729,1.7852,1.7602,2.2246,2.5947,2.1846,2.6876,2.8402,2.6353,2.7238,2.986,2.5601,2.9557,2.5016,2.9802,3.229,2.115,2.3632,1.8035,2.1463,1.2653,1.6026,1.0165,1.0457,0.63974,1.0505,0.42191,0.72267,0.35264
55,-0.026279,0.055894,-0.21214,0.086112,0.49098,-0.18974,0.41074,0.52871,-0.13988,-0.29912,0.26839,0.063239,0.84826,0.37014,0.20396,0.19918,0.98336,0.61259,0.93877,1.3672,1.1015,1.4086,1.5993,1.9937,2.1489,2.0825,2.3338,2.3537,2.1524,2.7791,3.348,2.5634,2.6129,2.5673,2.9977,2.8364,2.5481,2.1898,2.3424,1.6792,2.0147,2.0501,1.2289,0.96264,1.7206,0.89692,1.2664,0.73774,0.6078,0.67485,0.17942
55.5,0.047613,-0.10317,-0.38015,0.12368,-0.047895,-0.0044937,-0.30532,0.55474,0.36539,0.42325,0.081776,-0.29691,0.86645,0.33249,0.209,0.65495,0.99032,0.75767,1.2863,1.3787,0.89311,1.1851,1.8519,0.93074,1.8781,1.6663,2.1145,2.3147,2.4241,2.4695,2.3826,3.4463,3.3348,2.4101,3.1863,2.5153,2.5703,2.3854,2.0596,2.3907,1.9607,1.6016,1.1732,1.1192,0.72361,1.0574,0.54376,0.68492,1.0512,0.8897,0.42396
56,-0.018456,0.57497,0.17183,-0.076462,-0.39748,0.15972,0.3051,-0.11409,0.18721,0.021624,0.11392,-0.52998,0.20712,0.63296,0.23351,0.53259,0.39759,0.85384,0.81552,0.74598,1.5858,1.6317,1.3445,1.8508,2.0367,2.2365,1.6935,2.647,2.2981,2.4627,3.4361,2.7812,2.5902,2.029,3.0617,2.1665,2.168,2.2456,2.6267,2.2757,1.8281,1.7939,1.3459,1.3949,1.208,1.3184,1.1706,0.8939,0.51567,0.73938,0.39534
56.5,-0.31709,-0.11026,0.040578,0.2944,-0.025478,-0.32222,0.071938,0.10758,0.15313,0.40343,0.47063,0.032763,0.08205,0.021646,0.62214,0.93871,0.51444,0.65487,1.2988,1.154,1.2876,0.96234,1.6919,1.3807,1.489,1.8893,1.9717,2.2206,1.9758,2.7943,2.9178,2.04,2.9328,2.381,2.8365,2.4861,2.4167,2.2316,2.5111,1.6214,2.0115,1.9898,1.7032,2.017,0.99803,1.2896,0.82691,1.0973,0.60665,0.38771,0.80431
57,-0.14017,-0.41335,-0.14021,0.20652,0.44646,0.072873,0.44902,-0.33572,-0.038002,0.037749,0.12651,0.23104,0.46758,0.19202,0.44402,0.47809,0.31616,0.67524,0.79444,0.92811,1.1377,1.3097,1.3219,2.0003,1.4332,1.7278,2.9284,1.9192,1.9425,2.6651,1.8926,2.4888,3.2178,2.0959,1.9212,1.995,2.6181,2.568,1.9406,2.1491,2.2011,2.1547,1.3777,0.5966,0.8819,0.84959,0.75985,0.65298,0.92959,0.87395,0.3508
57.5,0.33666,0.11751,0.033829,0.29226,0.049813,0.6559,-0.37929,-0.08459,0.054676,0.25309,0.5373,0.19341,-0.17279,0.57019,0.61886,-0.10307,0.57812,0.21478,0.61746,0.68265,1.3431,1.2903,1.03,1.8425,1.3098,1.9951,1.7985,2.0658,2.4419,2.5408,2.8547,2.4715,2.6025,2.3649,2.5082,2.5162,2.2612,1.6344,2.1421,2.0055,1.5359,1.1932,1.8585,1.4027,1.0316,0.61238,0.57031,1.0826,0.62056,0.31431,0.54528
58,-0.23738,0.46021,0.41996,-0.12017,-0.16116,-0.74783,-0.39353,-0.33361,0.1309,0.020389,-0.25057,0.11143,0.39921,0.46795,-0.18722,0.42917,0.14996,0.94526,1.0319,0.66054,0.84332,1.0859,0.70493,1.6403,1.6152,2.1403,1.6627,1.9361,1.7821,2.0242,2.0385,2.7333,2.2391,2.4718,2.2788,1.9447,2.1836,2.3016,1.6299,2.092,1.4421,1.3946,1.54,1.0252,1.0844,0.83554,0.8355,-0.039476,0.016054,0.65244,0.69384
58.5,-0.26638,-0.063498,0.10219,0.22727,-0.58154,-0.22913,-0.050085,0.27749,0.83764,0.046937,-0.27284,0.31162,0.63779,0.33435,0.10124,0.7435,0.75007,0.35026,0.89144,1.2062,1.4012,1.1741,1.2393,1.8697,1.2921,1.9352,1.5321,2.3891,2.1015,2.6487,2.4814,2.0075,2.8155,2.8398,2.5987,2.0396,2.0871,2.1131,1.7319,2.3113,1.6984,0.69052,1.4485,1.0896,1.0242,0.7964,1.0191,0.99399,0.63593,0.35431,0.36084
59,0.012481,-0.23126,0.18711,0.15685,0.48824,0.41238,-0.15724,0.311,-0.19935,0.32127,-0.0094143,-0.12075,0.31955,-0.50788,-0.16127,0.39159,0.56214,0.53104,0.284,0.63923,1.1382,1.3391,1.3086,1.8115,1.7335,1.5348,1.8109,1.5975,2.0927,2.5457,2.4819,2.7364,2.2383,2.7196,2.2184,2.6536,2.1186,2.2305,2.3376,1.7011,1.6798,1.8511,1.2735,0.76829,1.6637,0.74367,0.80546,0.98864,0.35486,0.14248,0.44014
59.5,-0.53148,-0.077135,0.086612,-0.062618,-0.43758,0.51314,0.078327,0.49265,0.0058061,-0.15429,0.22273,0.1169,-0.12361,0.72816,0.16835,-0.11822,0.92259,0.4747,0.55677,0.33314,1.5179,0.74896,1.2985,1.7021,1.7009,1.6978,1.3378,1.7256,2.129,1.9213,2.2812,2.4632,2.5604,1.8908,2.8791,2.3877,2.0721,2.2954,2.5579,1.284,1.5068,0.71477,1.3388,1.2454,0.98385,0.66639,0.12427,0.73805,0.96077,0.25655,0.48705
60,-0.46416,0.14617,-0.10524,-0.21081,-0.20328,-0.084056,0.16083,-0.33191,-0.037387,0.094563,-0.19124,0.71615,-0.032003,0.079301,0.052776,0.96269,0.67707,0.32956,1.0527,0.90166,1.0482,1.0044,1.0245,1.4944,1.372,2.2183,1.4219,2.3808,1.9881,2.1939,2.4153,2.0138,2.4748,1.3906,1.9493,1.827,1.6454,1.8554,1.9184,1.8841,1.6078,1.1933,1.3601,1.145,1.2518,1.0745,0.73001,0.34136,0.31531,0.25821,0.25169
60.5,0.086539,0.22334,-0.0028746,0.022309,0.06721,-0.12158,-0.23266,-0.46642,-0.12882,0.24631,-0.075822,0.10143,0.35844,0.42942,0.013859,0.71181,0.83678,0.25651,0.45592,1.178,0.90299,0.41448,0.79862,1.2838,1.1487,1.508,1.7679,2.3112,1.8844,2.374,2.5405,2.5788,2.2463,1.5595,2.2501,2.3668,1.9473,2.3959,2.0161,1.8025,1.8235,1.4586,0.47068,0.93067,1.3062,0.5784,0.63603,0.28201,1.0338,0.91714,0.072559
61,0.050163,-0.19558,0.19664,0.16995,0.26713,0.13194,0.92447,-0.24965,-0.43542,-0.016141,-0.33868,-0.27923,-0.087276,-0.010187,0.042995,0.55797,0.33441,0.5269,0.95398,0.57052,0.8443,1.1635,0.60597,0.60962,1.5645,1.7393,2.334,1.8737,2.1688,1.9429,2.1489,2.5956,1.4703,2.2195,2.7004,2.0862,2.4181,1.6375,1.7051,1.6017,0.79535,0.97464,0.85938,1.3004,1.1853,0.89763,0.93295,0.53151,0.84684,0.40514,0.34674
61.5,-0.073852,0.21369,-0.11451,0.30955,-0.31661,-0.29811,0.249,0.030716,-0.060327,0.36629,-0.053713,0.10429,0.62763,0.72163,0.79297,0.30793,0.84347,0.28173,0.39671,0.075516,1.4027,0.76853,1.1211,1.0193,1.6331,1.4397,1.281,1.9137,1.4453,1.7009,1.3768,1.6165,2.109,1.4543,1.5645,1.9514,1.7123,2.3788,2.2226,1.292,1.5917,1.5172,0.97985,0.57906,0.89716,0.7288,0.53805,0.69911,0.24904,0.04697,0.35397
62,0.12147,-0.34484,0.28999,-0.51494,-0.15097,-0.046613,-0.14916,-0.11365,0.63529,-0.15844,0.85766,0.29143,0.23034,0.39635,1.0723,0.084798,0.12642,0.32597,0.66191,0.24365,0.88531,1.5104,1.1759,1.1727,1.2039,1.7836,1.3834,2.2911,2.4091,1.981,1.9558,2.3024,2.3331,1.7514,1.8013,1.5073,1.9518,1.9372,1.2261,1.3775,0.98522,0.99083,1.2958,0.7823,0.78836,0.27318,0.70837,0.53915,0.24386,0.32617,0.36741
62.5,-0.23892,-0.43493,0.55295,-0.17417,-0.0071144,0.33328,1.0994,-0.31886,0.20709,-0.11783,-0.039437,-0.059732,-0.13998,0.23483,-0.13677,0.65747,0.46763,0.66553,0.49631,0.63242,0.94319,0.62838,0.99517,0.97146,1.0879,0.84373,1.9926,1.4884,2.133,2.1776,1.5251,1.6175,2.7233,2.4693,1.9014,1.9342,1.5947,1.824,1.3757,0.86697,0.95862,1.2357,0.76325,0.95741,0.53452,0.50787,0.89212,0.61304,0.44823,0.63711,0.44976
63,0.43937,-0.1302,-0.11789,-0.37491,-0.10732,0.31872,0.42967,0.34123,-0.4679,0.41704,-0.43237,0.42191,0.082502,0.45187,-0.1017,0.71555,0.00049759,0.32496,0.32103,0.19796,0.86412,1.4953,1.8754,1.2281,1.6566,1.5098,1.7012,1.5498,1.7984,1.9723,1.6902,1.8728,1.8894,2.1439,1.5439,1.7956,2.3135,2.0017,1.9563,1.4475,1.4179,1.4997,1.5434,0.36798,0.44113,1.1171,0.53739,0.32398,0.063742,0.1977,-0.12267
63.5,0.6326,0.00083142,-0.0066599,0.19146,0.30955,0.31233,0.36078,-0.13743,-0.020737,0.32054,-0.041977,0.14718,0.30771,0.47071,-0.24263,0.56963,0.35901,0.72475,0.83822,1.1887,1.2212,1.3339,1.4819,1.2568,1.2987,1.6665,1.7329,1.519,1.8184,1.7559,1.5615,2.2364,1.8764,2.4638,1.3301,1.5993,1.7067,1.9529,1.6331,1.4978,0.95082,0.82231,1.1455,0.52069,0.65556,0.85664,0.31044,0.99412,0.79631,-0.11622,0.010966
64,-0.68059,-0.2274,0.24038,-0.1095,0.15857,-0.42884,0.27714,-0.11598,0.07058,0.059746,-0.26809,-0.20089,0.47377,0.34905,0.59852,0.44384,0.46143,-0.01794,0.50909,0.68071,1.3809,1.113,1.4837,1.3198,1.0438,1.4051,1.5468,1.2901,1.5397,1.661,2.2545,1.1793,2.1757,1.5225,1.3612,2.0768,1.8746,1.9482,1.7161,1.9879,1.4248,1.0936,1.1258,1.28,0.56119,0.49336,0.49751,-0.13151,0.45995,-0.2194,0.29942
64.5,0.2646,-0.13587,0.51334,-0.42385,0.37721,0.22971,-0.478,0.86254,0.046153,-0.1778,-0.31156,0.07545,0.14068,0.25448,0.18716,0.52785,0.29191,-0.092967,0.53082,-0.038329,0.8815,0.59078,1.0467,1.5066,0.94151,1.6545,1.3094,2.059,1.5046,1.4281,1.9352,1.6283,1.5167,1.6157,1.7157,2.0829,1.034,1.54,1.6269,1.3942,1.6191,1.0901,0.94228,1.0623,0.80517,0.55479,0.73047,0.29176,0.22484,0.17949,0.68242
65,-0.96141,0.1257,0.020232,-0.49031,0.11226,0.16923,0.21279,-0.74746,0.47358,-0.13799,0.31381,0.36028,-0.088522,0.4163,0.15403,-0.29187,0.74844,0.24297,0.30507,0.5344,0.8379,0.84555,1.1374,0.68305,0.97315,1.2684,1.9733,1.4611,1.8999,1.6503,1.5413,1.6416,1.6749,1.8967,2.0987,1.7467,1.9305,1.2058,1.2795,1.0859,1.2902,0.97721,1.1919,0.58343,0.76914,0.86138,-0.058175,1.112,0.31317,-0.27797,0.3171
65.5,0.014803,-0.017726,0.30706,0.23784,0.10822,0.16089,0.0037078,0.57954,-0.38167,0.12317,0.12469,0.37854,-0.082977,-0.31032,0.31006,0.40578,0.83517,0.082637,0.89396,1.3494,0.62423,0.45414,0.8269,1.0623,1.3355,1.0936,1.8358,1.1239,1.0137,1.9303,0.96234,1.612,2.6182,1.6696,1.3085,1.5811,1.5202,1.5065,1.5679,0.95925,1.6726,1.1316,1.167,0.65298,1.1235,0.56203,0.63082,0.18381,0.08921,0.52787,0.12993
66,-0.2515,-0.18628,0.21915,-0.17544,-0.016901,0.029717,-0.54105,-0.3956,0.16144,-0.14184,0.4196,0.42128,0.38173,0.75346,0.2316,0.50814,0.20338,1.188,1.1291,0.62693,0.83532,1.2284,0.88142,0.835,1.3997,1.2631,1.3903,1.172,0.98225,1.6297,1.8756,1.5642,2.0722,1.4208,1.2877,1.5387,1.4728,1.6533,1.103,1.65,1.7276,1.0202,1.3005,0.5037,1.0419,0.93755,0.79307,0.44763,-0.50757,0.12095,0.068747
66.5,-0.28894,0.043182,-0.11646,-0.23444,-0.2997,-0.19007,0.36976,-0.1537,-0.095417,-0.059695,0.20175,0.26487,-0.75152,0.50889,0.6811,-0.009323,0.077663,0.30605,0.29405,0.67515,0.11763,0.46501,1.3645,0.72804,1.4825,1.3156,0.75969,1.5778,1.4253,1.3837,1.638,1.734,1.8131,1.9451,1.687,1.1076,1.3185,2.2701,1.5198,1.9198,1.5281,1.079,0.99313,0.78942,0.18024,0.61339,0.88405,0.26124,0.49294,0.56121,-0.022716
67,-0.13097,-0.29903,-0.23765,-0.37366,-0.25264,0.44982,-0.24216,0.081446,-0.093254,0.42906,0.49093,0.38405,0.24972,0.12809,-0.11355,0.88124,0.13233,0.62933,0.82586,0.42638,0.99567,1.0099,1.3988,0.84085,0.6963,1.0275,1.333,1.3704,1.3065,0.91004,1.667,2.144,1.7005,1.7351,1.6976,1.6019,1.704,1.4715,1.1765,0.94035,1.0074,1.0759,0.78559,0.87493,0.81601,0.84292,0.89283,0.45364,-0.0321,0.19465,0.25723
67.5,-0.54641,0.42279,0.051495,0.12672,0.42672,-0.16566,0.2039,0.0094743,0.00095814,-0.15811,0.59485,0.0091014,0.36382,-0.36997,0.59198,0.60649,0.38057,0.35153,0.61545,1.265,0.1384,0.99596,0.58519,0.95144,0.98098,1.0215,1.2358,0.97928,1.6981,0.90795,1.6501,1.416,1.1714,1.5747,1.0211,1.4581,0.96248,1.4579,0.96164,1.0147,1.1435,0.72565,0.84129,0.3072,0.85663,1.1078,1.3331,0.44696,0.5878,-0.24337,0.68881
68,0.23708,-0.13914,0.37972,-0.064335,-0.12076,0.16541,-0.28811,0.34787,-0.262,-0.24329,-0.18009,0.3466,-0.03485,-0.21662,0.050407,0.27403,-0.011627,0.063749,1.1166,0.30587,0.55398,0.63238,0.71107,1.1202,1.3137,1.0299,0.83742,1.6693,1.3264,1.9296,0.77779,1.5352,2.0607,1.3706,1.3838,1.4991,1.1874,1.1933,1.107,0.93342,1.3979,1.0721,0.91267,0.98513,0.57158,0.33178,0.30243,0.40979,0.024901,0.13356,0.077276
68.5,0.64147,-0.82626,-0.045533,0.52942,0.052787,0.24827,0.060086,-0.15984,-0.61913,0.13159,-0.14215,-0.12429,-0.0032219,0.7066,0.94783,0.3418,0.19477,0.045981,0.61185,1.085,0.56062,0.010523,1.0178,1.2063,0.52812,1.1469,1.3139,1.2332,1.0844,1.6804,1.2946,0.99461,0.8336,1.8184,1.6006,1.4021,1.1895,1.0965,0.8558,0.96451,0.36785,0.6899,0.72352,0.90719,0.62284,0.78859,0.87602,0.7166,0.47536,0.2802,-0.067856
69,0.22599,0.50967,0.11078,0.5866,-0.44184,-0.32455,0.28595,0.11865,0.44626,0.063588,-0.1721,0.048876,-0.31695,-0.15996,0.51252,0.53164,0.43485,-0.12703,0.35213,0.16903,0.97211,0.53122,0.47091,0.89717,0.78704,1.5121,0.92898,0.80442,0.64308,1.3325,1.2121,0.97594,1.7694,1.6048,1.3722,1.751,1.4877,0.97733,0.83766,1.3123,1.098,0.93916,0.54269,0.88873,0.3925,0.50594,0.89373,0.19104,-0.14594,-0.045956,0.51908
69.5,0.080324,-0.033061,-0.14478,0.15675,-0.23929,0.11286,-0.19071,-0.2309,-0.14041,-0.046077,0.071464,0.1808,-0.96718,-0.068085,0.097868,0.71467,-0.006096,0.42852,0.89681,0.1294,0.72205,0.44822,0.62558,0.62537,0.73536,1.8572,1.3744,1.5245,1.4047,0.82669,1.4651,1.6918,1.1218,1.6595,1.5579,1.8642,1.1318,0.86468,1.0126,1.4713,0.40639,0.24579,0.80378,0.55612,0.60618,0.80688,0.28253,-0.18222,0.93125,-0.036022,-0.10237
70,0.33492,-0.10988,-0.011268,0.1557,0.34014,-0.079399,0.48395,-0.60329,0.27752,-0.18696,0.49567,0.15006,-0.065981,0.36876,0.47798,0.44922,0.0011469,0.2251,0.43601,0.49799,0.81387,0.067422,0.85808,0.75792,0.67979,0.79216,1.029,0.084158,1.0157,1.0135,1.4732,1.0945,1.2793,1.7988,1.6116,1.5469,1.0761,1.3274,1.0232,0.95608,1.0542,0.66582,1.2057,0.62385,0.77446,0.94705,0.74673,-0.052368,0.44352,0.51187,0.47758
70.5,-0.33027,-0.19178,0.30593,-0.21793,-0.07522,0.49289,0.01293,-0.18151,-0.21493,0.16312,-0.31803,0.030592,0.2325,0.55546,0.4051,0.036093,0.65593,0.27131,0.055725,0.44615,1.0059,0.70488,0.74283,1.3152,0.47894,0.60417,0.58162,1.2475,1.2458,1.7076,1.354,1.1819,1.3111,1.3384,0.77939,2.0578,1.3518,1.1987,1.2509,1.2027,0.86618,0.63468,0.91891,0.77102,0.33144,0.92348,0.51444,0.58011,0.71998,0.25688,0.29992
71,0.24663,-0.21226,0.023587,0.048,-0.27249,0.71492,-0.39559,-0.35381,0.44143,0.27572,-0.2279,0.28439,0.56962,0.15254,0.97943,-0.27309,0.50308,0.70221,0.68331,0.42417,0.47309,0.77237,0.96555,0.98445,1.1979,0.65975,0.97171,0.82569,1.0505,1.5186,1.2817,2.053,1.3363,1.2889,1.2811,1.0227,1.1489,1.446,1.0742,0.72737,0.60839,0.66865,0.74298,0.9972,0.15808,0.38953,0.4592,-0.19786,0.044855,0.040166,-0.039012
71.5,0.0611,-0.043099,-0.1594,0.13847,0.5309,0.51092,-0.55089,0.20786,-0.0074073,0.10676,-0.041567,0.13496,0.17149,-0.016054,-0.074063,0.1035,0.35793,0.52325,0.66164,0.32523,0.63155,0.91209,1.0527,0.76622,0.79776,0.99891,0.66945,1.0223,1.3609,1.3766,1.1374,1.3049,0.99929,1.4506,1.1951,1.1013,1.029,1.0615,0.88,1.139,0.74546,1.2618,1.1426,0.35588,0.56731,0.27829,0.30764,0.94428,0.19538,0.34617,0.35724
72,-0.29674,-0.25158,-0.35479,-0.25596,-0.84138,0.18205,0.64156,0.07823,-0.38002,-0.13411,-0.061669,-0.20805,0.38101,0.39682,-0.1566,0.44975,0.73859,0.90584,1.2552,0.1912,1.3802,0.50169,0.50793,0.86263,0.66809,1.038,0.5933,0.98204,1.4951,1.1377,1.2308,1.3515,1.5671,0.71239,1.3637,1.0744,1.1594,1.3717,0.63107,0.61453,0.26208,0.59976,1.0848,0.57178,0.13087,0.3161,-0.050736,-0.0024873,0.3972,-0.11994,0.52383
72.5,-0.017975,0.0305,-0.076673,0.24144,0.24824,0.11873,0.19411,-0.03058,0.20642,-0.044088,0.074787,0.012427,-0.017243,-0.05679,0.32565,0.61967,0.62495,-0.050174,0.77262,0.35495,0.69997,0.32108,0.71133,0.83975,0.37652,1.0781,1.3687,0.97526,1.4901,1.0694,1.4139,0.51354,1.9115,1.6277,1.0736,0.53467,1.1684,0.59448,1.0984,1.0191,0.53948,1.0819,0.91041,0.88569,0.5224,0.02574,0.67922,0.24568,-0.14331,0.6321,0.81517
73,-0.0090963,0.65244,0.034064,-0.10478,-0.17617,0.50889,-0.20998,0.25281,-0.12507,-0.082231,0.38136,-0.021532,-0.0044766,0.48608,0.65999,0.41431,0.070437,0.16554,0.4003,0.53556,0.21055,0.79521,0.67788,0.21251,0.52293,0.7223,0.91921,1.5691,1.1268,0.84626,1.1966,1.0444,1.254,1.3242,1.4932,1.0912,1.547,1.2747,0.72884,1.5365,0.89971,0.47669,1.1481,1.2016,0.49701,0.28818,0.32462,0.53315,0.65022,0.39205,0.21129
73.5,0.4526,-0.089264,0.31578,-0.077298,0.14195,-0.016743,0.0067158,-0.08178,0.44508,-0.1654,-0.15157,0.72649,0.40743,-0.5729,0.0067273,-0.32815,-0.024929,-0.6307,0.32594,0.085849,0.51237,0.076488,0.661,0.5848,1.2324,1.2754,1.1534,0.87955,1.6249,0.60545,0.68143,1.0965,1.8043,1.0609,1.0475,0.63879,1.313,1.2635,1.1546,0.6632,0.56981,0.32133,0.66129,0.2399,0.14117,0.30132,0.22029,0.14946,0.40021,0.23916,0.089858
74,0.058022,-0.29298,0.037928,0.054077,-0.43858,0.31561,-0.24154,0.057752,0.38992,0.33084,0.079062,-0.020781,0.39551,0.34152,-0.013558,-0.028341,-0.36785,0.34939,0.33317,0.75871,0.58991,0.95037,0.41121,1.0332,0.60384,1.0642,0.45755,1.0239,0.40844,0.96477,1.2074,0.93762,0.78507,1.3477,1.0442,0.89804,1.0164,1.7444,1.2412,1.1797,0.89318,0.7417,-0.098405,0.3464,0.33802,-0.14461,0.01075,-0.29107,0.24236,0.45576,0.50398
74.5,0.12748,-0.28466,-0.57343,-0.51838,-0.36867,-0.25018,-0.025598,-0.27435,0.14129,-0.017857,0.070228,0.42787,-0.24556,0.26129,0.16351,0.10489,0.51316,0.5594,0.065189,0.35289,0.55465,0.45461,0.78061,0.75904,1.2935,0.35133,0.83634,0.65731,1.1603,0.53396,1.1526,0.87789,0.85279,0.63296,0.9092,1.3445,0.9715,1.1182,1.3725,0.88954,0.57605,0.81486,0.44181,0.38519,0.014319,0.68541,0.23334,0.35033,-0.063204,0.33572,-0.060876
75,-0.039546,0.2676,0.24326,0.001853,-0.51871,0.91392,0.54553,0.24597,-0.18735,0.016468,-0.097617,0.46284,0.18458,-0.10292,0.022339,0.53624,0.7215,0.7469,0.56763,0.32169,-0.51378,0.61242,0.58961,0.70002,0.7415,0.39253,1.0187,1.0966,1.1596,1.2779,1.204,0.91755,1.0253,1.0679,1.0551,1.2934,1.148,1.5301,1.5135,0.8143,-0.42567,1.0291,0.42805,0.28283,0.33914,0.26348,0.5242,-0.17943,-0.081845,0.30283,0.35045
75.5,0.19536,-0.23196,-0.28759,-0.14374,0.083402,0.46132,-0.59299,-0.037775,-0.36214,-0.44638,0.35388,0.245,0.23805,0.40537,0.015612,0.065153,0.89123,0.2073,0.55265,0.38958,-0.10713,-0.10304,0.4019,0.95861,0.94391,1.0451,0.53438,1.3693,0.64184,1.0333,0.99447,0.96271,1.4223,0.80334,0.5927,0.97541,0.81136,1.8977,1.0334,0.64809,0.39058,0.077688,0.26802,0.54483,0.87555,0.72417,0.40084,0.18433,0.31615,0.039353,0.67504
76,-0.053936,-0.021854,-0.65901,-0.050581,0.2621,-0.30503,-0.2045,0.26556,-0.40627,0.36542,-0.097424,-0.036973,-0.23649,0.23929,0.89355,0.42458,-0.029591,0.61502,0.2289,0.79043,0.67831,-0.38519,0.26016,0.90924,0.73545,0.44473,0.61991,0.2908,0.8818,1.6087,1.2144,1.6469,1.2602,1.2981,1.5652,1.0587,0.85215,1.1725,1.2461,0.60787,0.47348,0.66759,0.81083,0.73718,0.0090553,0.95157,0.13156,0.19481,-0.041101,0.99963,0.22821
76.5,-0.25254,0.26312,0.23634,-0.048468,0.26306,-0.23268,-0.12767,-0.57601,-0.36136,0.58918,0.55311,0.097369,0.59706,0.074741,0.078724,0.20239,0.18655,0.203,0.65893,0.4138,0.63928,0.79487,0.66397,0.31939,0.26706,0.77793,0.73861,0.86759,0.88107,1.6972,0.54986,0.36839,1.0706,0.85245,1.0437,1.0973,1.2711,0.3892,0.62297,0.86192,0.90406,1.2685,0.83423,0.46842,0.1584,0.19947,0.1381,0.46413,0.30112,-0.21166,0.020977
77,0.26595,0.10935,0.17605,0.12253,0.49854,0.085357,-0.096104,-0.24834,0.10982,-0.68648,0.0038976,0.013963,-0.31358,-0.15875,0.3909,0.25007,0.24903,0.35286,0.3359,0.73251,0.45206,0.036011,1.023,0.7065,0.47953,0.33917,0.88926,0.78545,1.3363,0.79559,0.67428,1.2103,1.2245,0.99214,1.1284,0.88806,0.93417,1.1701,0.95808,0.66441,1.062,-0.11405,1.1496,-0.038313,0.2269,0.34737,0.26417,0.56287,-0.098858,0.25909,-0.025463
77.5,0.09116,-0.015676,0.033207,-0.15751,-0.14267,0.10037,0.30233,-0.15375,-0.22655,0.22864,0.047972,0.323,-0.17834,-0.41706,-0.015555,-0.053513,0.18946,0.063455,0.52281,0.26432,0.44992,0.50907,0.5793,0.57346,0.79328,0.45884,1.1713,0.72938,0.44922,0.93358,0.64729,1.1179,1.5865,0.68232,1.0024,0.35051,0.97885,0.53462,0.56401,0.36715,0.85974,0.88289,0.52783,0.20246,0.88164,0.12565,-0.34811,0.39203,-0.11833,0.47298,0.030005
78,0.18367,0.42411,-0.35746,-0.1625,-0.012606,0.4751,-0.17877,-0.15325,0.17668,-0.12966,0.10206,-0.39344,0.75539,-0.29042,0.044256,0.16229,0.78164,-0.14923,0.8882,0.56926,0.51991,0.15499,0.6793,0.34932,1.0043,0.38899,0.69896,0.61399,0.52562,1.0779,1.041,1.2583,0.3668,1.2149,1.632,0.72001,1.3904,0.70163,0.32118,0.58862,0.93876,0.31491,0.32786,0.62844,0.3957,0.5175,0.36443,0.39211,0.078146,0.24156,-0.13743
78.5,0.38902,-0.18671,0.34372,-0.062979,0.070446,-0.135,-0.28652,-0.49895,-0.28418,-0.054742,0.11847,0.37336,-0.044886,-0.15351,-0.29551,0.31181,0.61766,0.622,0.49883,0.52523,0.89433,0.53889,0.68925,0.45615,0.20027,0.45836,0.71206,0.77954,1.3795,0.85876,1.2123,0.74298,0.78502,0.47481,0.63593,0.99247,0.80385,1.0442,0.76919,0.55778,1.2534,0.52421,0.84432,0.3189,0.59792,0.61207,0.3484,-0.46425,0.20818,0.53693,0.29555
79,0.13618,-0.51319,-0.2112,0.13034,0.13272,0.37756,-0.025632,0.14562,0.036527,-0.2547,-0.62319,0.19781,0.13883,-0.077114,-0.35184,0.35257,0.11792,0.40318,0.83801,-0.317,0.16565,0.3656,0.91963,0.047822,1.1746,0.68789,0.66836,0.68309,0.65091,1.1282,0.51687,0.95556,0.74158,0.6233,1.6132,0.93949,0.96577,1.0838,0.27076,1.1728,-0.15884,0.30811,0.34547,0.60293,0.44115,0.27538,0.27519,-0.057288,-0.25147,0.3816,0.34203
79.5,0.47772,-0.23361,0.21266,-0.078355,0.36651,0.31942,0.080751,-0.078571,0.31911,0.23443,-0.1531,-0.33152,-0.0020516,0.56029,0.47456,-0.17409,-0.15751,0.61269,-0.068783,0.47018,0.18144,0.90295,0.24013,0.86845,0.63464,0.70681,0.088858,0.063301,0.69632,0.86776,0.47919,0.5043,1.0041,0.99976,0.77543,1.0277,0.41023,0.61739,1.1743,0.65165,0.61708,1.2172,0.051451,0.65677,0.86546,0.21993,0.5298,-0.064317,-0.013201,0.2751,0.37018
